Comment,Sentiment,normalized,tokens,stopwords_removed,stemmed,lemmatized,final_preprocessed_text
lets not forget that apple pay in 2014 required a brand new iphone in order to use it a significant portion of apples user base wasnt able to use it even if they wanted to as each successive iphone incorporated the technology and older iphones were replaced the number of people who could use the technology increased,neutral,let us not forget that apple pay in 2014 required a brand new iphone in order to use it a significant portion of apples user base was not able to use it even if they wanted to as each successive iphone incorporated the technology and older iphones were replaced the number of people who could use the technology increased,"['let', 'us', 'not', 'forget', 'that', 'apple', 'pay', 'in', '2014', 'required', 'a', 'brand', 'new', 'iphone', 'in', 'order', 'to', 'use', 'it', 'a', 'significant', 'portion', 'of', 'apples', 'user', 'base', 'was', 'not', 'able', 'to', 'use', 'it', 'even', 'if', 'they', 'wanted', 'to', 'as', 'each', 'successive', 'iphone', 'incorporated', 'the', 'technology', 'and', 'older', 'iphones', 'were', 'replaced', 'the', 'number', 'of', 'people', 'who', 'could', 'use', 'the', 'technology', 'increased']","['let', 'us', 'forget', 'apple', 'pay', '2014', 'required', 'brand', 'new', 'iphone', 'order', 'use', 'significant', 'portion', 'apples', 'user', 'base', 'able', 'use', 'wanted', 'successive', 'iphone', 'incorporated', 'technology', 'older', 'iphones', 'replaced', 'number', 'people', 'use', 'technology', 'increased']","['let', 'us', 'forget', 'appl', 'pay', '2014', 'requir', 'brand', 'new', 'iphon', 'order', 'use', 'signific', 'portion', 'appl', 'user', 'base', 'abl', 'use', 'want', 'success', 'iphon', 'incorpor', 'technolog', 'older', 'iphon', 'replac', 'number', 'peopl', 'use', 'technolog', 'increas']","['let', 'u', 'forget', 'apple', 'pay', '2014', 'require', 'brand', 'new', 'iphone', 'order', 'use', 'significant', 'portion', 'apple', 'user', 'base', 'able', 'use', 'want', 'successive', 'iphone', 'incorporate', 'technology', 'old', 'iphones', 'replace', 'number', 'people', 'use', 'technology', 'increase']",let u forget apple pay 2014 require brand new iphone order use significant portion apple user base able use want successive iphone incorporate technology old iphones replace number people use technology increase
here in nz 50 of retailers don’t even have contactless credit card machines like paywave which support apple pay they don’t like the high fees that come with these,negative,here in nz 50 of retailers do not even have contactless credit card machines like paywave which support apple pay they do not like the high fees that come with these,"['here', 'in', 'nz', '50', 'of', 'retailers', 'do', 'not', 'even', 'have', 'contactless', 'credit', 'card', 'machines', 'like', 'paywave', 'which', 'support', 'apple', 'pay', 'they', 'do', 'not', 'like', 'the', 'high', 'fees', 'that', 'come', 'with', 'these']","['nz', '50', 'retailers', 'contactless', 'credit', 'card', 'machines', 'paywave', 'support', 'apple', 'pay', 'high', 'fees']","['nz', '50', 'retail', 'contactless', 'credit', 'card', 'machin', 'paywav', 'support', 'appl', 'pay', 'high', 'fee']","['nz', '50', 'retailer', 'contactless', 'credit', 'card', 'machine', 'paywave', 'support', 'apple', 'pay', 'high', 'fee']",nz 50 retailer contactless credit card machine paywave support apple pay high fee
i will forever acknowledge this channel with the help of your lessons and ideas explanations now its quite helpful while youll just sit at your comfort and monitor your account growth,positive,i will forever acknowledge this channel with the help of your lessons and ideas explanations now its quite helpful while you will just sit at your comfort and monitor your account growth,"['i', 'will', 'forever', 'acknowledge', 'this', 'channel', 'with', 'the', 'help', 'of', 'your', 'lessons', 'and', 'ideas', 'explanations', 'now', 'its', 'quite', 'helpful', 'while', 'you', 'will', 'just', 'sit', 'at', 'your', 'comfort', 'and', 'monitor', 'your', 'account', 'growth']","['forever', 'acknowledge', 'help', 'lessons', 'ideas', 'explanations', 'quite', 'helpful', 'sit', 'comfort', 'monitor', 'account', 'growth']","['forev', 'acknowledg', 'help', 'lesson', 'idea', 'explan', 'quit', 'help', 'sit', 'comfort', 'monitor', 'account', 'growth']","['forever', 'acknowledge', 'help', 'lesson', 'ideas', 'explanation', 'quite', 'helpful', 'sit', 'comfort', 'monitor', 'account', 'growth']",forever acknowledge help lesson ideas explanation quite helpful sit comfort monitor account growth
whenever i go to a place that doesn’t take apple pay doesn’t happen too often it’s such a drag between ‘contactless covid’ habits and my getting the apple card i’ve gotten so used to apple pay that i get seriously annoyed when a store doesn’t take it it feels like a shock it’s crazy how quickly it took over my shopping routine i’ve officially been brainwashed by apple because now it feels so inconvenient to even carry a physical card in my pocket,negative,whenever i go to a place that does not take apple pay does not happen too often its such a drag between contactless covid habits and my getting the apple card i have gotten so used to apple pay that i get seriously annoyed when a store does not take it it feels like a shock its crazy how quickly it took over my shopping routine i have officially been brainwashed by apple because now it feels so inconvenient to even carry a physical card in my pocket,"['whenever', 'i', 'go', 'to', 'a', 'place', 'that', 'does', 'not', 'take', 'apple', 'pay', 'does', 'not', 'happen', 'too', 'often', 'its', 'such', 'a', 'drag', 'between', 'contactless', 'covid', 'habits', 'and', 'my', 'getting', 'the', 'apple', 'card', 'i', 'have', 'gotten', 'so', 'used', 'to', 'apple', 'pay', 'that', 'i', 'get', 'seriously', 'annoyed', 'when', 'a', 'store', 'does', 'not', 'take', 'it', 'it', 'feels', 'like', 'a', 'shock', 'its', 'crazy', 'how', 'quickly', 'it', 'took', 'over', 'my', 'shopping', 'routine', 'i', 'have', 'officially', 'been', 'brainwashed', 'by', 'apple', 'because', 'now', 'it', 'feels', 'so', 'inconvenient', 'to', 'even', 'carry', 'a', 'physical', 'card', 'in', 'my', 'pocket']","['whenever', 'go', 'place', 'take', 'apple', 'pay', 'happen', 'often', 'drag', 'contactless', 'covid', 'habits', 'getting', 'apple', 'card', 'gotten', 'used', 'apple', 'pay', 'seriously', 'annoyed', 'store', 'take', 'feels', 'shock', 'crazy', 'quickly', 'took', 'shopping', 'routine', 'officially', 'brainwashed', 'apple', 'feels', 'inconvenient', 'carry', 'physical', 'card', 'pocket']","['whenev', 'go', 'place', 'take', 'appl', 'pay', 'happen', 'often', 'drag', 'contactless', 'covid', 'habit', 'get', 'appl', 'card', 'gotten', 'use', 'appl', 'pay', 'serious', 'annoy', 'store', 'take', 'feel', 'shock', 'crazi', 'quickli', 'took', 'shop', 'routin', 'offici', 'brainwash', 'appl', 'feel', 'inconveni', 'carri', 'physic', 'card', 'pocket']","['whenever', 'go', 'place', 'take', 'apple', 'pay', 'happen', 'often', 'drag', 'contactless', 'covid', 'habit', 'get', 'apple', 'card', 'gotten', 'use', 'apple', 'pay', 'seriously', 'annoy', 'store', 'take', 'feel', 'shock', 'crazy', 'quickly', 'take', 'shop', 'routine', 'officially', 'brainwash', 'apple', 'feel', 'inconvenient', 'carry', 'physical', 'card', 'pocket']",whenever go place take apple pay happen often drag contactless covid habit get apple card gotten use apple pay seriously annoy store take feel shock crazy quickly take shop routine officially brainwash apple feel inconvenient carry physical card pocket
apple pay is so convenient secure and easy to use i used it while at the korean and japanese airports no need for physical credit cards,positive,apple pay is so convenient secure and easy to use i used it while at the korean and japanese airports no need for physical credit cards,"['apple', 'pay', 'is', 'so', 'convenient', 'secure', 'and', 'easy', 'to', 'use', 'i', 'used', 'it', 'while', 'at', 'the', 'korean', 'and', 'japanese', 'airports', 'no', 'need', 'for', 'physical', 'credit', 'cards']","['apple', 'pay', 'convenient', 'secure', 'easy', 'use', 'used', 'korean', 'japanese', 'airports', 'need', 'physical', 'credit', 'cards']","['appl', 'pay', 'conveni', 'secur', 'easi', 'use', 'use', 'korean', 'japanes', 'airport', 'need', 'physic', 'credit', 'card']","['apple', 'pay', 'convenient', 'secure', 'easy', 'use', 'used', 'korean', 'japanese', 'airport', 'need', 'physical', 'credit', 'card']",apple pay convenient secure easy use used korean japanese airport need physical credit card
we’ve been hounding my bank to adopt apple pay i understand why they don’t want to do it with the extra fees but its just so easy and quick at the checkout,neutral,we have been hounding my bank to adopt apple pay i understand why they do not want to do it with the extra fees but its just so easy and quick at the checkout,"['we', 'have', 'been', 'hounding', 'my', 'bank', 'to', 'adopt', 'apple', 'pay', 'i', 'understand', 'why', 'they', 'do', 'not', 'want', 'to', 'do', 'it', 'with', 'the', 'extra', 'fees', 'but', 'its', 'just', 'so', 'easy', 'and', 'quick', 'at', 'the', 'checkout']","['hounding', 'bank', 'adopt', 'apple', 'pay', 'understand', 'extra', 'fees', 'easy', 'quick', 'checkout']","['hound', 'bank', 'adopt', 'appl', 'pay', 'understand', 'extra', 'fee', 'easi', 'quick', 'checkout']","['hound', 'bank', 'adopt', 'apple', 'pay', 'understand', 'extra', 'fee', 'easy', 'quick', 'checkout']",hound bank adopt apple pay understand extra fee easy quick checkout
we only got apple pay in south africa in 20202021 and it’s widely accepted,positive,we only got apple pay in south africa in 20202021 and its widely accepted,"['we', 'only', 'got', 'apple', 'pay', 'in', 'south', 'africa', 'in', '20202021', 'and', 'its', 'widely', 'accepted']","['apple', 'pay', 'south', 'africa', '20202021', 'widely', 'accepted']","['appl', 'pay', 'south', 'africa', '20202021', 'wide', 'accept']","['apple', 'pay', 'south', 'africa', '20202021', 'widely', 'accept']",apple pay south africa 20202021 widely accept
for now i need both apple pay and the physical credit card,neutral,for now i need both apple pay and the physical credit card,"['for', 'now', 'i', 'need', 'both', 'apple', 'pay', 'and', 'the', 'physical', 'credit', 'card']","['need', 'apple', 'pay', 'physical', 'credit', 'card']","['need', 'appl', 'pay', 'physic', 'credit', 'card']","['need', 'apple', 'pay', 'physical', 'credit', 'card']",need apple pay physical credit card
in the united states we have an abundance of retailers that accept apple pay but its still good to carry the physical card with you being there are still a large quantity of places that do not accept apple pay,positive,in the united states we have an abundance of retailers that accept apple pay but its still good to carry the physical card with you being there are still a large quantity of places that do not accept apple pay,"['in', 'the', 'united', 'states', 'we', 'have', 'an', 'abundance', 'of', 'retailers', 'that', 'accept', 'apple', 'pay', 'but', 'its', 'still', 'good', 'to', 'carry', 'the', 'physical', 'card', 'with', 'you', 'being', 'there', 'are', 'still', 'a', 'large', 'quantity', 'of', 'places', 'that', 'do', 'not', 'accept', 'apple', 'pay']","['united', 'states', 'abundance', 'retailers', 'accept', 'apple', 'pay', 'still', 'carry', 'physical', 'card', 'still', 'large', 'quantity', 'places', 'accept', 'apple', 'pay']","['unit', 'state', 'abund', 'retail', 'accept', 'appl', 'pay', 'still', 'carri', 'physic', 'card', 'still', 'larg', 'quantiti', 'place', 'accept', 'appl', 'pay']","['united', 'state', 'abundance', 'retailer', 'accept', 'apple', 'pay', 'still', 'carry', 'physical', 'card', 'still', 'large', 'quantity', 'place', 'accept', 'apple', 'pay']",united state abundance retailer accept apple pay still carry physical card still large quantity place accept apple pay
in cambodia we have a universal qr code system we scan and send money back and forth all banks take no profit from merchant they receive 100 of the payment a lot of stores and supermarkets start abandon pos machine all together,neutral,in cambodia we have a universal quick response code system we scan and send money back and forth all banks take no profit from merchant they receive 100 of the payment a lot of stores and supermarkets start abandon point of sale machine all together,"['in', 'cambodia', 'we', 'have', 'a', 'universal', 'quick', 'response', 'code', 'system', 'we', 'scan', 'and', 'send', 'money', 'back', 'and', 'forth', 'all', 'banks', 'take', 'no', 'profit', 'from', 'merchant', 'they', 'receive', '100', 'of', 'the', 'payment', 'a', 'lot', 'of', 'stores', 'and', 'supermarkets', 'start', 'abandon', 'point', 'of', 'sale', 'machine', 'all', 'together']","['cambodia', 'universal', 'quick', 'response', 'code', 'system', 'scan', 'send', 'money', 'back', 'forth', 'banks', 'take', 'profit', 'merchant', 'receive', '100', 'payment', 'lot', 'stores', 'supermarkets', 'start', 'abandon', 'point', 'sale', 'machine', 'together']","['cambodia', 'univers', 'quick', 'respons', 'code', 'system', 'scan', 'send', 'money', 'back', 'forth', 'bank', 'take', 'profit', 'merchant', 'receiv', '100', 'payment', 'lot', 'store', 'supermarket', 'start', 'abandon', 'point', 'sale', 'machin', 'togeth']","['cambodia', 'universal', 'quick', 'response', 'code', 'system', 'scan', 'send', 'money', 'back', 'forth', 'bank', 'take', 'profit', 'merchant', 'receive', '100', 'payment', 'lot', 'store', 'supermarket', 'start', 'abandon', 'point', 'sale', 'machine', 'together']",cambodia universal quick response code system scan send money back forth bank take profit merchant receive 100 payment lot store supermarket start abandon point sale machine together
wow you really went to town on the psu test rack thats a serious bit of kit very flexible good choices wouldnt surprise me if choma start offering this bespoke rack to the psu makers they all watch your videos so theyll want to make sure it passes on this exact same rack you can really push the industry here well done open source the test interface hardware and software,positive,wow you really went to town on the power supply unit test rack that is a serious bit of kit very flexible good choices would not surprise me if choma start offering this bespoke rack to the power supply unit makers they all watch your videos so they will want to make sure it passes on this exact same rack you can really push the industry here well done open source the test interface hardware and software,"['wow', 'you', 'really', 'went', 'to', 'town', 'on', 'the', 'power', 'supply', 'unit', 'test', 'rack', 'that', 'is', 'a', 'serious', 'bit', 'of', 'kit', 'very', 'flexible', 'good', 'choices', 'would', 'not', 'surprise', 'me', 'if', 'choma', 'start', 'offering', 'this', 'bespoke', 'rack', 'to', 'the', 'power', 'supply', 'unit', 'makers', 'they', 'all', 'watch', 'your', 'videos', 'so', 'they', 'will', 'want', 'to', 'make', 'sure', 'it', 'passes', 'on', 'this', 'exact', 'same', 'rack', 'you', 'can', 'really', 'push', 'the', 'industry', 'here', 'well', 'done', 'open', 'source', 'the', 'test', 'interface', 'hardware', 'and', 'software']","['wow', 'went', 'town', 'power', 'supply', 'unit', 'test', 'rack', 'serious', 'bit', 'kit', 'flexible', 'choices', 'surprise', 'choma', 'start', 'offering', 'bespoke', 'rack', 'power', 'supply', 'unit', 'makers', 'watch', 'videos', 'sure', 'passes', 'exact', 'rack', 'push', 'industry', 'done', 'open', 'source', 'test', 'interface', 'hardware', 'software']","['wow', 'went', 'town', 'power', 'suppli', 'unit', 'test', 'rack', 'seriou', 'bit', 'kit', 'flexibl', 'choic', 'surpris', 'choma', 'start', 'offer', 'bespok', 'rack', 'power', 'suppli', 'unit', 'maker', 'watch', 'video', 'sure', 'pass', 'exact', 'rack', 'push', 'industri', 'done', 'open', 'sourc', 'test', 'interfac', 'hardwar', 'softwar']","['wow', 'go', 'town', 'power', 'supply', 'unit', 'test', 'rack', 'serious', 'bit', 'kit', 'flexible', 'choice', 'surprise', 'choma', 'start', 'offer', 'bespeak', 'rack', 'power', 'supply', 'unit', 'maker', 'watch', 'video', 'sure', 'pass', 'exact', 'rack', 'push', 'industry', 'do', 'open', 'source', 'test', 'interface', 'hardware', 'software']",wow go town power supply unit test rack serious bit kit flexible choice surprise choma start offer bespeak rack power supply unit maker watch video sure pass exact rack push industry do open source test interface hardware software
the lab is the most exciting thing in it ive seen for a while this is reallly going to shake up how the qualiity of even basic components are manufactured,positive,the lab is the most exciting thing in it i have seen for a while this is reallly going to shake up how the qualiity of even basic components are manufactured,"['the', 'lab', 'is', 'the', 'most', 'exciting', 'thing', 'in', 'it', 'i', 'have', 'seen', 'for', 'a', 'while', 'this', 'is', 'reallly', 'going', 'to', 'shake', 'up', 'how', 'the', 'qualiity', 'of', 'even', 'basic', 'components', 'are', 'manufactured']","['lab', 'exciting', 'reallly', 'shake', 'qualiity', 'basic', 'components', 'manufactured']","['lab', 'excit', 'reallli', 'shake', 'qualiiti', 'basic', 'compon', 'manufactur']","['lab', 'excite', 'reallly', 'shake', 'qualiity', 'basic', 'component', 'manufacture']",lab excite reallly shake qualiity basic component manufacture
linus im an engineer and love the lmg content across all the channels very much looking forward to more lab content and hope your engineering team will get more on camera time and hosting roles,positive,linus im an engineer and love the linus media group content across all the channels very much looking forward to more lab content and hope your engineering team will get more on camera time and hosting roles,"['linus', 'im', 'an', 'engineer', 'and', 'love', 'the', 'linus', 'media', 'group', 'content', 'across', 'all', 'the', 'channels', 'very', 'much', 'looking', 'forward', 'to', 'more', 'lab', 'content', 'and', 'hope', 'your', 'engineering', 'team', 'will', 'get', 'more', 'on', 'camera', 'time', 'and', 'hosting', 'roles']","['linus', 'im', 'engineer', 'love', 'linus', 'media', 'group', 'content', 'across', 'channels', 'looking', 'forward', 'lab', 'content', 'hope', 'engineering', 'team', 'camera', 'time', 'hosting', 'roles']","['linu', 'im', 'engin', 'love', 'linu', 'media', 'group', 'content', 'across', 'channel', 'look', 'forward', 'lab', 'content', 'hope', 'engin', 'team', 'camera', 'time', 'host', 'role']","['linus', 'im', 'engineer', 'love', 'linus', 'medium', 'group', 'content', 'across', 'channel', 'look', 'forward', 'lab', 'content', 'hope', 'engineering', 'team', 'camera', 'time', 'host', 'role']",linus im engineer love linus medium group content across channel look forward lab content hope engineering team camera time host role
there used to be a time where linus was the smartest guy in the room this video clearly shows that the team he has built are experts in their respective fields and make linus look like a child kudos to linus and lmg youve grown beyond what i imagined all the best,positive,there used to be a time where linus was the smartest guy in the room this video clearly shows that the team he has built are experts in their respective fields and make linus look like a child kudos to linus and linus media group you have grown beyond what i imagined all the best,"['there', 'used', 'to', 'be', 'a', 'time', 'where', 'linus', 'was', 'the', 'smartest', 'guy', 'in', 'the', 'room', 'this', 'video', 'clearly', 'shows', 'that', 'the', 'team', 'he', 'has', 'built', 'are', 'experts', 'in', 'their', 'respective', 'fields', 'and', 'make', 'linus', 'look', 'like', 'a', 'child', 'kudos', 'to', 'linus', 'and', 'linus', 'media', 'group', 'you', 'have', 'grown', 'beyond', 'what', 'i', 'imagined', 'all', 'the', 'best']","['used', 'time', 'linus', 'smartest', 'guy', 'room', 'clearly', 'shows', 'team', 'built', 'experts', 'respective', 'fields', 'linus', 'look', 'child', 'kudos', 'linus', 'linus', 'media', 'group', 'grown', 'beyond', 'imagined', 'best']","['use', 'time', 'linu', 'smartest', 'guy', 'room', 'clearli', 'show', 'team', 'built', 'expert', 'respect', 'field', 'linu', 'look', 'child', 'kudo', 'linu', 'linu', 'media', 'group', 'grown', 'beyond', 'imagin', 'best']","['used', 'time', 'linus', 'smart', 'guy', 'room', 'clearly', 'show', 'team', 'build', 'expert', 'respective', 'field', 'linus', 'look', 'child', 'kudos', 'linus', 'linus', 'medium', 'group', 'grow', 'beyond', 'imagined', 'best']",used time linus smart guy room clearly show team build expert respective field linus look child kudos linus linus medium group grow beyond imagined best
holy crap i was looking at chroma systems back when i was designing power supplies looks like you guys went all out re the multimeter most oscilloscopes are terrible for making accurate voltage measurements 810 bit adcs they are just for looking at the waveforms,negative,holy crap i was looking at chroma systems back when i was designing power supplies looks like you guys went all out re the multimeter most oscilloscopes are terrible for making accurate voltage measurements 810 bit analog to digital converters they are just for looking at the waveforms,"['holy', 'crap', 'i', 'was', 'looking', 'at', 'chroma', 'systems', 'back', 'when', 'i', 'was', 'designing', 'power', 'supplies', 'looks', 'like', 'you', 'guys', 'went', 'all', 'out', 're', 'the', 'multimeter', 'most', 'oscilloscopes', 'are', 'terrible', 'for', 'making', 'accurate', 'voltage', 'measurements', '810', 'bit', 'analog', 'to', 'digital', 'converters', 'they', 'are', 'just', 'for', 'looking', 'at', 'the', 'waveforms']","['holy', 'crap', 'looking', 'chroma', 'systems', 'back', 'designing', 'power', 'supplies', 'looks', 'went', 'multimeter', 'oscilloscopes', 'terrible', 'making', 'accurate', 'voltage', 'measurements', '810', 'bit', 'analog', 'digital', 'converters', 'looking', 'waveforms']","['holi', 'crap', 'look', 'chroma', 'system', 'back', 'design', 'power', 'suppli', 'look', 'went', 'multimet', 'oscilloscop', 'terribl', 'make', 'accur', 'voltag', 'measur', '810', 'bit', 'analog', 'digit', 'convert', 'look', 'waveform']","['holy', 'crap', 'look', 'chroma', 'system', 'back', 'design', 'power', 'supply', 'look', 'go', 'multimeter', 'oscilloscope', 'terrible', 'make', 'accurate', 'voltage', 'measurement', '810', 'bit', 'analog', 'digital', 'converter', 'look', 'waveform']",holy crap look chroma system back design power supply look go multimeter oscilloscope terrible make accurate voltage measurement 810 bit analog digital converter look waveform
i love the direction this channel is going most tech channels even the best trusted ones are going to review products based on their own experience or at most some things they can measure with their pc but youre really going to mathematically demonstrate if a product is a quality one and why it is love it,positive,i love the direction this channel is going most technology channels even the best trusted ones are going to review products based on their own experience or at most some things they can measure with their pc but youre really going to mathematically demonstrate if a product is a quality one and why it is love it,"['i', 'love', 'the', 'direction', 'this', 'channel', 'is', 'going', 'most', 'technology', 'channels', 'even', 'the', 'best', 'trusted', 'ones', 'are', 'going', 'to', 'review', 'products', 'based', 'on', 'their', 'own', 'experience', 'or', 'at', 'most', 'some', 'things', 'they', 'can', 'measure', 'with', 'their', 'pc', 'but', 'youre', 'really', 'going', 'to', 'mathematically', 'demonstrate', 'if', 'a', 'product', 'is', 'a', 'quality', 'one', 'and', 'why', 'it', 'is', 'love', 'it']","['love', 'direction', 'technology', 'channels', 'best', 'trusted', 'ones', 'review', 'products', 'based', 'experience', 'measure', 'pc', 'youre', 'mathematically', 'demonstrate', 'product', 'quality', 'love']","['love', 'direct', 'technolog', 'channel', 'best', 'trust', 'one', 'review', 'product', 'base', 'experi', 'measur', 'pc', 'your', 'mathemat', 'demonstr', 'product', 'qualiti', 'love']","['love', 'direction', 'technology', 'channel', 'best', 'trust', 'one', 'review', 'product', 'base', 'experience', 'measure', 'pc', 'youre', 'mathematically', 'demonstrate', 'product', 'quality', 'love']",love direction technology channel best trust one review product base experience measure pc youre mathematically demonstrate product quality love
i am more excited for the ltt lab than i have been for a lot of content for a while now as everyone seems to be saying its exciting to see how enthusiastic this new crew is to get things running,positive,i am more excited for the linus tech tips lab than i have been for a lot of content for a while now as everyone seems to be saying its exciting to see how enthusiastic this new crew is to get things running,"['i', 'am', 'more', 'excited', 'for', 'the', 'linus', 'tech', 'tips', 'lab', 'than', 'i', 'have', 'been', 'for', 'a', 'lot', 'of', 'content', 'for', 'a', 'while', 'now', 'as', 'everyone', 'seems', 'to', 'be', 'saying', 'its', 'exciting', 'to', 'see', 'how', 'enthusiastic', 'this', 'new', 'crew', 'is', 'to', 'get', 'things', 'running']","['excited', 'linus', 'tech', 'tips', 'lab', 'lot', 'content', 'everyone', 'seems', 'saying', 'exciting', 'enthusiastic', 'new', 'crew', 'running']","['excit', 'linu', 'tech', 'tip', 'lab', 'lot', 'content', 'everyon', 'seem', 'say', 'excit', 'enthusiast', 'new', 'crew', 'run']","['excited', 'linus', 'tech', 'tip', 'lab', 'lot', 'content', 'everyone', 'seem', 'say', 'excite', 'enthusiastic', 'new', 'crew', 'run']",excited linus tech tip lab lot content everyone seem say excite enthusiastic new crew run
i adore the working relationship linus has with his team 99 of employees walk on eggshells around their boss and i wish it could be more like this,positive,i adore the working relationship linus has with his team 99 of employees walk on eggshells around their boss and i wish it could be more like this,"['i', 'adore', 'the', 'working', 'relationship', 'linus', 'has', 'with', 'his', 'team', '99', 'of', 'employees', 'walk', 'on', 'eggshells', 'around', 'their', 'boss', 'and', 'i', 'wish', 'it', 'could', 'be', 'more', 'like', 'this']","['adore', 'working', 'relationship', 'linus', 'team', '99', 'employees', 'walk', 'eggshells', 'around', 'boss', 'wish']","['ador', 'work', 'relationship', 'linu', 'team', '99', 'employe', 'walk', 'eggshel', 'around', 'boss', 'wish']","['adore', 'work', 'relationship', 'linus', 'team', '99', 'employee', 'walk', 'eggshells', 'around', 'bos', 'wish']",adore work relationship linus team 99 employee walk eggshells around bos wish
lmgs growth is honestly something to truly aspire for this is the content we want to watch more technical in depth engineering oriented and sciencebased content will make us consumers much much more educated on these topics thus when picking a product not only will we pick the best choice but well know exactly why we picked it which helps greatly with buyers remorse,positive,lmgs growth is honestly something to truly aspire for this is the content we want to watch more technical in depth engineering oriented and sciencebased content will make us consumers much much more educated on these topics thus when picking a product not only will we pick the best choice but well know exactly why we picked it which helps greatly with buyers remorse,"['lmgs', 'growth', 'is', 'honestly', 'something', 'to', 'truly', 'aspire', 'for', 'this', 'is', 'the', 'content', 'we', 'want', 'to', 'watch', 'more', 'technical', 'in', 'depth', 'engineering', 'oriented', 'and', 'sciencebased', 'content', 'will', 'make', 'us', 'consumers', 'much', 'much', 'more', 'educated', 'on', 'these', 'topics', 'thus', 'when', 'picking', 'a', 'product', 'not', 'only', 'will', 'we', 'pick', 'the', 'best', 'choice', 'but', 'well', 'know', 'exactly', 'why', 'we', 'picked', 'it', 'which', 'helps', 'greatly', 'with', 'buyers', 'remorse']","['lmgs', 'growth', 'honestly', 'something', 'truly', 'aspire', 'content', 'watch', 'technical', 'depth', 'engineering', 'oriented', 'sciencebased', 'content', 'us', 'consumers', 'educated', 'topics', 'thus', 'picking', 'product', 'pick', 'best', 'choice', 'exactly', 'picked', 'helps', 'greatly', 'buyers', 'remorse']","['lmg', 'growth', 'honestli', 'someth', 'truli', 'aspir', 'content', 'watch', 'technic', 'depth', 'engin', 'orient', 'sciencebas', 'content', 'us', 'consum', 'educ', 'topic', 'thu', 'pick', 'product', 'pick', 'best', 'choic', 'exactli', 'pick', 'help', 'greatli', 'buyer', 'remors']","['lmgs', 'growth', 'honestly', 'something', 'truly', 'aspire', 'content', 'watch', 'technical', 'depth', 'engineering', 'orient', 'sciencebased', 'content', 'u', 'consumer', 'educate', 'topic', 'thus', 'pick', 'product', 'pick', 'best', 'choice', 'exactly', 'pick', 'help', 'greatly', 'buyer', 'remorse']",lmgs growth honestly something truly aspire content watch technical depth engineering orient sciencebased content u consumer educate topic thus pick product pick best choice exactly pick help greatly buyer remorse
i love all the people ltt has added for labs clearly theyre knowledgeable and passionate about tech labs is gonna be killer love it,positive,i love all the people linus tech tips has added for labs clearly they are knowledgeable and passionate about technology labs is going to be killer love it,"['i', 'love', 'all', 'the', 'people', 'linus', 'tech', 'tips', 'has', 'added', 'for', 'labs', 'clearly', 'they', 'are', 'knowledgeable', 'and', 'passionate', 'about', 'technology', 'labs', 'is', 'going', 'to', 'be', 'killer', 'love', 'it']","['love', 'people', 'linus', 'tech', 'tips', 'added', 'labs', 'clearly', 'knowledgeable', 'passionate', 'technology', 'labs', 'killer', 'love']","['love', 'peopl', 'linu', 'tech', 'tip', 'ad', 'lab', 'clearli', 'knowledg', 'passion', 'technolog', 'lab', 'killer', 'love']","['love', 'people', 'linus', 'tech', 'tip', 'add', 'labs', 'clearly', 'knowledgeable', 'passionate', 'technology', 'labs', 'killer', 'love']",love people linus tech tip add labs clearly knowledgeable passionate technology labs killer love
linus just turn the key lights 180 and bounce them off the walls you’ll get a much softer glow and shadow and way more even lighting it’s such a simple fix i’m not sure where along the lines people got the idea to beam the lights directly at your face ,positive,linus just turn the key lights 180 and bounce them off the walls you will get a much softer glow and shadow and way more even lighting its such a simple fix im not sure where along the lines people got the idea to beam the lights directly at your face,"['linus', 'just', 'turn', 'the', 'key', 'lights', '180', 'and', 'bounce', 'them', 'off', 'the', 'walls', 'you', 'will', 'get', 'a', 'much', 'softer', 'glow', 'and', 'shadow', 'and', 'way', 'more', 'even', 'lighting', 'its', 'such', 'a', 'simple', 'fix', 'im', 'not', 'sure', 'where', 'along', 'the', 'lines', 'people', 'got', 'the', 'idea', 'to', 'beam', 'the', 'lights', 'directly', 'at', 'your', 'face']","['linus', 'turn', 'key', 'lights', '180', 'bounce', 'walls', 'softer', 'glow', 'shadow', 'way', 'lighting', 'simple', 'fix', 'im', 'sure', 'along', 'lines', 'people', 'idea', 'beam', 'lights', 'directly', 'face']","['linu', 'turn', 'key', 'light', '180', 'bounc', 'wall', 'softer', 'glow', 'shadow', 'way', 'light', 'simpl', 'fix', 'im', 'sure', 'along', 'line', 'peopl', 'idea', 'beam', 'light', 'directli', 'face']","['linus', 'turn', 'key', 'light', '180', 'bounce', 'wall', 'softer', 'glow', 'shadow', 'way', 'light', 'simple', 'fix', 'im', 'sure', 'along', 'line', 'people', 'idea', 'beam', 'light', 'directly', 'face']",linus turn key light 180 bounce wall softer glow shadow way light simple fix im sure along line people idea beam light directly face
dan continues to be my new favorite he has such an air of confidence about him and a comforting presence like dan shows up and you just know things are going to be fine,positive,dan continues to be my new favorite he has such an air of confidence about him and a comforting presence like dan shows up and you just know things are going to be fine,"['dan', 'continues', 'to', 'be', 'my', 'new', 'favorite', 'he', 'has', 'such', 'an', 'air', 'of', 'confidence', 'about', 'him', 'and', 'a', 'comforting', 'presence', 'like', 'dan', 'shows', 'up', 'and', 'you', 'just', 'know', 'things', 'are', 'going', 'to', 'be', 'fine']","['dan', 'continues', 'new', 'favorite', 'air', 'confidence', 'comforting', 'presence', 'dan', 'shows', 'fine']","['dan', 'continu', 'new', 'favorit', 'air', 'confid', 'comfort', 'presenc', 'dan', 'show', 'fine']","['dan', 'continue', 'new', 'favorite', 'air', 'confidence', 'comfort', 'presence', 'dan', 'show', 'fine']",dan continue new favorite air confidence comfort presence dan show fine
dan managing to set up his soldering station on the one box they needed was incredibly amusing to me,positive,dan managing to set up his soldering station on the one box they needed was incredibly amusing to me,"['dan', 'managing', 'to', 'set', 'up', 'his', 'soldering', 'station', 'on', 'the', 'one', 'box', 'they', 'needed', 'was', 'incredibly', 'amusing', 'to', 'me']","['dan', 'managing', 'set', 'soldering', 'station', 'box', 'needed', 'incredibly', 'amusing']","['dan', 'manag', 'set', 'solder', 'station', 'box', 'need', 'incred', 'amus']","['dan', 'manage', 'set', 'solder', 'station', 'box', 'need', 'incredibly', 'amuse']",dan manage set solder station box need incredibly amuse
linus gets on his employees cases for all the stuff stolen from the office also linus proudly talks about all the stuff stolen from work hes using in his upgraded setup linus why are you using this monitor as a table also linus uses the monitor as a chair this video was hilarious,positive,linus gets on his employees cases for all the stuff stolen from the office also linus proudly talks about all the stuff stolen from work hes using in his upgraded setup linus why are you using this monitor as a table also linus uses the monitor as a chair this video was hilarious,"['linus', 'gets', 'on', 'his', 'employees', 'cases', 'for', 'all', 'the', 'stuff', 'stolen', 'from', 'the', 'office', 'also', 'linus', 'proudly', 'talks', 'about', 'all', 'the', 'stuff', 'stolen', 'from', 'work', 'hes', 'using', 'in', 'his', 'upgraded', 'setup', 'linus', 'why', 'are', 'you', 'using', 'this', 'monitor', 'as', 'a', 'table', 'also', 'linus', 'uses', 'the', 'monitor', 'as', 'a', 'chair', 'this', 'video', 'was', 'hilarious']","['linus', 'gets', 'employees', 'cases', 'stuff', 'stolen', 'office', 'linus', 'proudly', 'talks', 'stuff', 'stolen', 'work', 'hes', 'using', 'upgraded', 'setup', 'linus', 'using', 'monitor', 'table', 'linus', 'uses', 'monitor', 'chair', 'hilarious']","['linu', 'get', 'employe', 'case', 'stuff', 'stolen', 'offic', 'linu', 'proudli', 'talk', 'stuff', 'stolen', 'work', 'he', 'use', 'upgrad', 'setup', 'linu', 'use', 'monitor', 'tabl', 'linu', 'use', 'monitor', 'chair', 'hilari']","['linus', 'get', 'employee', 'case', 'stuff', 'steal', 'office', 'linus', 'proudly', 'talk', 'stuff', 'steal', 'work', 'he', 'use', 'upgraded', 'setup', 'linus', 'use', 'monitor', 'table', 'linus', 'use', 'monitor', 'chair', 'hilarious']",linus get employee case stuff steal office linus proudly talk stuff steal work he use upgraded setup linus use monitor table linus use monitor chair hilarious
linus this is not a table also linus lets use this as a chair,neutral,linus this is not a table also linus let us use this as a chair,"['linus', 'this', 'is', 'not', 'a', 'table', 'also', 'linus', 'let', 'us', 'use', 'this', 'as', 'a', 'chair']","['linus', 'table', 'linus', 'let', 'us', 'use', 'chair']","['linu', 'tabl', 'linu', 'let', 'us', 'use', 'chair']","['linus', 'table', 'linus', 'let', 'u', 'use', 'chair']",linus table linus let u use chair
dan the man saving the day riley needs to give him his own theme like brian the electrician,positive,dan the man saving the day riley needs to give him his own theme like brian the electrician,"['dan', 'the', 'man', 'saving', 'the', 'day', 'riley', 'needs', 'to', 'give', 'him', 'his', 'own', 'theme', 'like', 'brian', 'the', 'electrician']","['dan', 'man', 'saving', 'day', 'riley', 'needs', 'give', 'theme', 'brian', 'electrician']","['dan', 'man', 'save', 'day', 'riley', 'need', 'give', 'theme', 'brian', 'electrician']","['dan', 'man', 'save', 'day', 'riley', 'need', 'give', 'theme', 'brian', 'electrician']",dan man save day riley need give theme brian electrician
dan continues to be a favourite for me hes like the incredibly patient but longsuffering dad who just gets on with things,positive,dan continues to be a favourite for me hes like the incredibly patient but longsuffering dad who just gets on with things,"['dan', 'continues', 'to', 'be', 'a', 'favourite', 'for', 'me', 'hes', 'like', 'the', 'incredibly', 'patient', 'but', 'longsuffering', 'dad', 'who', 'just', 'gets', 'on', 'with', 'things']","['dan', 'continues', 'favourite', 'hes', 'incredibly', 'patient', 'longsuffering', 'dad', 'gets']","['dan', 'continu', 'favourit', 'he', 'incred', 'patient', 'longsuff', 'dad', 'get']","['dan', 'continue', 'favourite', 'he', 'incredibly', 'patient', 'longsuffering', 'dad', 'get']",dan continue favourite he incredibly patient longsuffering dad get
dan is a treasure your channel has long lacked a mr fixit type and while i am sad its not me dan appears quite capable and funny,positive,dan is a treasure your channel has long lacked a mr fixit type and while i am sad its not me dan appears quite capable and funny,"['dan', 'is', 'a', 'treasure', 'your', 'channel', 'has', 'long', 'lacked', 'a', 'mr', 'fixit', 'type', 'and', 'while', 'i', 'am', 'sad', 'its', 'not', 'me', 'dan', 'appears', 'quite', 'capable', 'and', 'funny']","['dan', 'treasure', 'long', 'lacked', 'mr', 'fixit', 'type', 'sad', 'dan', 'appears', 'quite', 'capable', 'funny']","['dan', 'treasur', 'long', 'lack', 'mr', 'fixit', 'type', 'sad', 'dan', 'appear', 'quit', 'capabl', 'funni']","['dan', 'treasure', 'long', 'lack', 'mr', 'fixit', 'type', 'sad', 'dan', 'appear', 'quite', 'capable', 'funny']",dan treasure long lack mr fixit type sad dan appear quite capable funny
blows my mind how quickly dan became the rock upon which all things linus standslove it,positive,blows my mind how quickly dan became the rock upon which all things linus standslove it,"['blows', 'my', 'mind', 'how', 'quickly', 'dan', 'became', 'the', 'rock', 'upon', 'which', 'all', 'things', 'linus', 'standslove', 'it']","['blows', 'mind', 'quickly', 'dan', 'became', 'rock', 'upon', 'linus', 'standslove']","['blow', 'mind', 'quickli', 'dan', 'becam', 'rock', 'upon', 'linu', 'standslov']","['blow', 'mind', 'quickly', 'dan', 'become', 'rock', 'upon', 'linus', 'standslove']",blow mind quickly dan become rock upon linus standslove
hey linus a good trick for streaming lights bounce them off the wall much easier on the eyes and a nice softer look also for indoors id recommend a hypercardioid mic looks like a short shotgun like the audiotechnica at4053b,positive,hey linus a good trick for streaming lights bounce them off the wall much easier on the eyes and a nice softer look also for indoors id recommend a hypercardioid mic looks like a short shotgun like the audiotechnica at4053b,"['hey', 'linus', 'a', 'good', 'trick', 'for', 'streaming', 'lights', 'bounce', 'them', 'off', 'the', 'wall', 'much', 'easier', 'on', 'the', 'eyes', 'and', 'a', 'nice', 'softer', 'look', 'also', 'for', 'indoors', 'id', 'recommend', 'a', 'hypercardioid', 'mic', 'looks', 'like', 'a', 'short', 'shotgun', 'like', 'the', 'audiotechnica', 'at4053b']","['hey', 'linus', 'trick', 'streaming', 'lights', 'bounce', 'wall', 'easier', 'eyes', 'nice', 'softer', 'look', 'indoors', 'id', 'recommend', 'hypercardioid', 'mic', 'looks', 'short', 'shotgun', 'audiotechnica', 'at4053b']","['hey', 'linu', 'trick', 'stream', 'light', 'bounc', 'wall', 'easier', 'eye', 'nice', 'softer', 'look', 'indoor', 'id', 'recommend', 'hypercardioid', 'mic', 'look', 'short', 'shotgun', 'audiotechnica', 'at4053b']","['hey', 'linus', 'trick', 'stream', 'light', 'bounce', 'wall', 'easy', 'eye', 'nice', 'soft', 'look', 'indoors', 'id', 'recommend', 'hypercardioid', 'mic', 'look', 'short', 'shotgun', 'audiotechnica', 'at4053b']",hey linus trick stream light bounce wall easy eye nice soft look indoors id recommend hypercardioid mic look short shotgun audiotechnica at4053b
unstoppable experiments with liquid nitrogen ,positive,unstoppable experiments with liquid nitrogen,"['unstoppable', 'experiments', 'with', 'liquid', 'nitrogen']","['unstoppable', 'experiments', 'liquid', 'nitrogen']","['unstopp', 'experi', 'liquid', 'nitrogen']","['unstoppable', 'experiment', 'liquid', 'nitrogen']",unstoppable experiment liquid nitrogen
one of the best things about dude is that he never takes credit for himself wheb he achieves something he always respect us the audience and his team and he is always polite is all of his videos we congratulate ourselves on this achievement more to come and everything to,positive,one of the best things about dude is that he never takes credit for himself wheb he achieves something he always respect us the audience and his team and he is always polite is all of his videos we congratulate ourselves on this achievement more to come and everything to,"['one', 'of', 'the', 'best', 'things', 'about', 'dude', 'is', 'that', 'he', 'never', 'takes', 'credit', 'for', 'himself', 'wheb', 'he', 'achieves', 'something', 'he', 'always', 'respect', 'us', 'the', 'audience', 'and', 'his', 'team', 'and', 'he', 'is', 'always', 'polite', 'is', 'all', 'of', 'his', 'videos', 'we', 'congratulate', 'ourselves', 'on', 'this', 'achievement', 'more', 'to', 'come', 'and', 'everything', 'to']","['best', 'dude', 'never', 'takes', 'credit', 'wheb', 'achieves', 'something', 'always', 'respect', 'us', 'audience', 'team', 'always', 'polite', 'videos', 'congratulate', 'achievement', 'everything']","['best', 'dude', 'never', 'take', 'credit', 'wheb', 'achiev', 'someth', 'alway', 'respect', 'us', 'audienc', 'team', 'alway', 'polit', 'video', 'congratul', 'achiev', 'everyth']","['best', 'dude', 'never', 'take', 'credit', 'wheb', 'achieve', 'something', 'always', 'respect', 'u', 'audience', 'team', 'always', 'polite', 'videos', 'congratulate', 'achievement', 'everything']",best dude never take credit wheb achieve something always respect u audience team always polite videos congratulate achievement everything
liquid nitrogen ഇതുവരെ തീർന്നില്ലേ മച്ചാനെ,neutral,liquid nitrogen,"['liquid', 'nitrogen']","['liquid', 'nitrogen']","['liquid', 'nitrogen']","['liquid', 'nitrogen']",liquid nitrogen
liquid nitrogen never ends m4tech poli,positive,liquid nitrogen never ends m4tech poli,"['liquid', 'nitrogen', 'never', 'ends', 'm4tech', 'poli']","['liquid', 'nitrogen', 'never', 'ends', 'm4tech', 'poli']","['liquid', 'nitrogen', 'never', 'end', 'm4tech', 'poli']","['liquid', 'nitrogen', 'never', 'end', 'm4tech', 'poli']",liquid nitrogen never end m4tech poli
29minutes 48k views 93k likes  that is the power of m4tech,positive,29minutes 48k views 93k likes that is the power of m4tech,"['29minutes', '48k', 'views', '93k', 'likes', 'that', 'is', 'the', 'power', 'of', 'm4tech']","['29minutes', '48k', '93k', 'likes', 'power', 'm4tech']","['29minut', '48k', '93k', 'like', 'power', 'm4tech']","['29minutes', '48k', '93k', 'like', 'power', 'm4tech']",29minutes 48k 93k like power m4tech
 കേരളത്തിൽ ആദ്യമായി പെട്രോളിനെ എയ്സ് ആക്കിയ m4tech മച്ചാന്മാർ ,neutral,m4tech,['m4tech'],['m4tech'],['m4tech'],['m4tech'],m4tech
epozhum safety is first priority goggles on,positive,epozhum safety is first priority goggles on,"['epozhum', 'safety', 'is', 'first', 'priority', 'goggles', 'on']","['epozhum', 'safety', 'first', 'priority', 'goggles']","['epozhum', 'safeti', 'first', 'prioriti', 'goggl']","['epozhum', 'safety', 'first', 'priority', 'goggles']",epozhum safety first priority goggles
congratulations m4tech for achieving 8 million subscribers,positive,congratulations m4tech for achieving 8 million subscribers,"['congratulations', 'm4tech', 'for', 'achieving', '8', 'million', 'subscribers']","['congratulations', 'm4tech', 'achieving', 'million', 'subscribers']","['congratul', 'm4tech', 'achiev', 'million', 'subscrib']","['congratulation', 'm4tech', 'achieve', 'million', 'subscriber']",congratulation m4tech achieve million subscriber
തന്നെ തളർത്താൻ നോക്കിയവർ പോലും അവന്റെ ഉയർച്ചയിൽ പകച്ച് നിന്നു പോയി  കഷ്ടപ്പാടും അദ്ധ്വാനവുംകൊണ്ട് 2 പേർ പടുത്തുയർത്തിയ ചാനൽ m4 tech ,neutral,2 m4 technology,"['2', 'm4', 'technology']","['m4', 'technology']","['m4', 'technolog']","['m4', 'technology']",m4 technology
എത്ര എടുത്താലും തീരാത്ത liquid nitrogen ,neutral,liquid nitrogen,"['liquid', 'nitrogen']","['liquid', 'nitrogen']","['liquid', 'nitrogen']","['liquid', 'nitrogen']",liquid nitrogen
guys a quick note that you do not need all the highend tech in order to do well at college if you can and you should save as much money as you can while at college pay your tuition in full and student loans as soon as possible instead of spending on liabilities like gadgets get the bare minimum you need and only spend money on products you know you are going to be using for 46 years such as laptop dont overspend on phone headphones lamps tablets etc,neutral,guys a quick note that you do not need all the highend technology in order to do well at college if you can and you should save as much money as you can while at college pay your tuition in full and student loans as soon as possible instead of spending on liabilities like gadgets get the bare minimum you need and only spend money on products you know you are going to be using for 46 years such as laptop do not overspend on phone headphones lamps tablets etc,"['guys', 'a', 'quick', 'note', 'that', 'you', 'do', 'not', 'need', 'all', 'the', 'highend', 'technology', 'in', 'order', 'to', 'do', 'well', 'at', 'college', 'if', 'you', 'can', 'and', 'you', 'should', 'save', 'as', 'much', 'money', 'as', 'you', 'can', 'while', 'at', 'college', 'pay', 'your', 'tuition', 'in', 'full', 'and', 'student', 'loans', 'as', 'soon', 'as', 'possible', 'instead', 'of', 'spending', 'on', 'liabilities', 'like', 'gadgets', 'get', 'the', 'bare', 'minimum', 'you', 'need', 'and', 'only', 'spend', 'money', 'on', 'products', 'you', 'know', 'you', 'are', 'going', 'to', 'be', 'using', 'for', '46', 'years', 'such', 'as', 'laptop', 'do', 'not', 'overspend', 'on', 'phone', 'headphones', 'lamps', 'tablets', 'etc']","['quick', 'note', 'need', 'highend', 'technology', 'order', 'college', 'save', 'money', 'college', 'pay', 'tuition', 'full', 'student', 'loans', 'soon', 'possible', 'instead', 'spending', 'liabilities', 'gadgets', 'bare', 'minimum', 'need', 'spend', 'money', 'products', 'using', '46', 'years', 'laptop', 'overspend', 'phone', 'headphones', 'lamps', 'tablets', 'etc']","['quick', 'note', 'need', 'highend', 'technolog', 'order', 'colleg', 'save', 'money', 'colleg', 'pay', 'tuition', 'full', 'student', 'loan', 'soon', 'possibl', 'instead', 'spend', 'liabil', 'gadget', 'bare', 'minimum', 'need', 'spend', 'money', 'product', 'use', '46', 'year', 'laptop', 'overspend', 'phone', 'headphon', 'lamp', 'tablet', 'etc']","['quick', 'note', 'need', 'highend', 'technology', 'order', 'college', 'save', 'money', 'college', 'pay', 'tuition', 'full', 'student', 'loan', 'soon', 'possible', 'instead', 'spend', 'liability', 'gadget', 'bare', 'minimum', 'need', 'spend', 'money', 'product', 'use', '46', 'year', 'laptop', 'overspend', 'phone', 'headphone', 'lamps', 'tablet', 'etc']",quick note need highend technology order college save money college pay tuition full student loan soon possible instead spend liability gadget bare minimum need spend money product use 46 year laptop overspend phone headphone lamps tablet etc
this is hilarious i was in a focus group over 4 years ago for best buy where they were asking college students how to advertise for back to school one of the kids next to me said maybe you should have someone like mkbhd talk about your products well here we are,neutral,this is hilarious i was in a focus group over 4 years ago for best buy where they were asking college students how to advertise for back to school one of the kids next to me said maybe you should have someone like mkbhd talk about your products well here we are,"['this', 'is', 'hilarious', 'i', 'was', 'in', 'a', 'focus', 'group', 'over', '4', 'years', 'ago', 'for', 'best', 'buy', 'where', 'they', 'were', 'asking', 'college', 'students', 'how', 'to', 'advertise', 'for', 'back', 'to', 'school', 'one', 'of', 'the', 'kids', 'next', 'to', 'me', 'said', 'maybe', 'you', 'should', 'have', 'someone', 'like', 'mkbhd', 'talk', 'about', 'your', 'products', 'well', 'here', 'we', 'are']","['hilarious', 'focus', 'group', 'years', 'ago', 'best', 'buy', 'asking', 'college', 'students', 'advertise', 'back', 'school', 'kids', 'next', 'said', 'maybe', 'someone', 'mkbhd', 'talk', 'products']","['hilari', 'focu', 'group', 'year', 'ago', 'best', 'buy', 'ask', 'colleg', 'student', 'advertis', 'back', 'school', 'kid', 'next', 'said', 'mayb', 'someon', 'mkbhd', 'talk', 'product']","['hilarious', 'focus', 'group', 'year', 'ago', 'best', 'buy', 'ask', 'college', 'student', 'advertise', 'back', 'school', 'kid', 'next', 'say', 'maybe', 'someone', 'mkbhd', 'talk', 'product']",hilarious focus group year ago best buy ask college student advertise back school kid next say maybe someone mkbhd talk product
everyone has been saying it but i’ll throw my hat in as well to any prospective college students you do not need to spend money on flagship products i am about to graduate with a business degree and have been using a 7 year old laptop and the base ipad from late 2020 both products have worked flawlessly and i have no intention of replacing them the recommendations listed are ones i would never be able to afford even with my job i’m working as well do your own research on forums to see what your peers say the best value product is i promise that if you buy a flagship product you will quickly see that you did not need it,positive,everyone has been saying it but i will throw my hat in as well to any prospective college students you do not need to spend money on flagship products i am about to graduate with a business degree and have been using a 7 year old laptop and the base ipad from late 2020 both products have worked flawlessly and i have no intention of replacing them the recommendations listed are ones i would never be able to afford even with my job im working as well do your own research on forums to see what your peers say the best value product is i promise that if you buy a flagship product you will quickly see that you did not need it,"['everyone', 'has', 'been', 'saying', 'it', 'but', 'i', 'will', 'throw', 'my', 'hat', 'in', 'as', 'well', 'to', 'any', 'prospective', 'college', 'students', 'you', 'do', 'not', 'need', 'to', 'spend', 'money', 'on', 'flagship', 'products', 'i', 'am', 'about', 'to', 'graduate', 'with', 'a', 'business', 'degree', 'and', 'have', 'been', 'using', 'a', '7', 'year', 'old', 'laptop', 'and', 'the', 'base', 'ipad', 'from', 'late', '2020', 'both', 'products', 'have', 'worked', 'flawlessly', 'and', 'i', 'have', 'no', 'intention', 'of', 'replacing', 'them', 'the', 'recommendations', 'listed', 'are', 'ones', 'i', 'would', 'never', 'be', 'able', 'to', 'afford', 'even', 'with', 'my', 'job', 'im', 'working', 'as', 'well', 'do', 'your', 'own', 'research', 'on', 'forums', 'to', 'see', 'what', 'your', 'peers', 'say', 'the', 'best', 'value', 'product', 'is', 'i', 'promise', 'that', 'if', 'you', 'buy', 'a', 'flagship', 'product', 'you', 'will', 'quickly', 'see', 'that', 'you', 'did', 'not', 'need', 'it']","['everyone', 'saying', 'throw', 'hat', 'prospective', 'college', 'students', 'need', 'spend', 'money', 'flagship', 'products', 'graduate', 'business', 'degree', 'using', 'year', 'old', 'laptop', 'base', 'ipad', 'late', '2020', 'products', 'worked', 'flawlessly', 'intention', 'replacing', 'recommendations', 'listed', 'ones', 'never', 'able', 'afford', 'job', 'im', 'working', 'research', 'forums', 'peers', 'say', 'best', 'value', 'product', 'promise', 'buy', 'flagship', 'product', 'quickly', 'need']","['everyon', 'say', 'throw', 'hat', 'prospect', 'colleg', 'student', 'need', 'spend', 'money', 'flagship', 'product', 'graduat', 'busi', 'degre', 'use', 'year', 'old', 'laptop', 'base', 'ipad', 'late', '2020', 'product', 'work', 'flawlessli', 'intent', 'replac', 'recommend', 'list', 'one', 'never', 'abl', 'afford', 'job', 'im', 'work', 'research', 'forum', 'peer', 'say', 'best', 'valu', 'product', 'promis', 'buy', 'flagship', 'product', 'quickli', 'need']","['everyone', 'say', 'throw', 'hat', 'prospective', 'college', 'student', 'need', 'spend', 'money', 'flagship', 'product', 'graduate', 'business', 'degree', 'use', 'year', 'old', 'laptop', 'base', 'ipad', 'late', '2020', 'product', 'work', 'flawlessly', 'intention', 'replace', 'recommendation', 'list', 'one', 'never', 'able', 'afford', 'job', 'im', 'work', 'research', 'forums', 'peer', 'say', 'best', 'value', 'product', 'promise', 'buy', 'flagship', 'product', 'quickly', 'need']",everyone say throw hat prospective college student need spend money flagship product graduate business degree use year old laptop base ipad late 2020 product work flawlessly intention replace recommendation list one never able afford job im work research forums peer say best value product promise buy flagship product quickly need
shoutout to my oneplus phone and huawei laptop for getting me through university feeling premium for much less bonus ups for ikeas articulating lamps 20 and i can see all my homework incredibly well without eye strain the old door i refinished to use as a desktop and wired earbuds under hardware store earmuffs as my noisecancelling headphones and the same 2 sets of hanes underwear from target for also lasting the whole ride,positive,shoutout to my oneplus phone and huawei laptop for getting me through university feeling premium for much less bonus ups for ikeas articulating lamps 20 and i can see all my homework incredibly well without eye strain the old door i refinished to use as a desktop and wired earbuds under hardware store earmuffs as my noisecancelling headphones and the same 2 sets of hanes underwear from target for also lasting the whole ride,"['shoutout', 'to', 'my', 'oneplus', 'phone', 'and', 'huawei', 'laptop', 'for', 'getting', 'me', 'through', 'university', 'feeling', 'premium', 'for', 'much', 'less', 'bonus', 'ups', 'for', 'ikeas', 'articulating', 'lamps', '20', 'and', 'i', 'can', 'see', 'all', 'my', 'homework', 'incredibly', 'well', 'without', 'eye', 'strain', 'the', 'old', 'door', 'i', 'refinished', 'to', 'use', 'as', 'a', 'desktop', 'and', 'wired', 'earbuds', 'under', 'hardware', 'store', 'earmuffs', 'as', 'my', 'noisecancelling', 'headphones', 'and', 'the', 'same', '2', 'sets', 'of', 'hanes', 'underwear', 'from', 'target', 'for', 'also', 'lasting', 'the', 'whole', 'ride']","['shoutout', 'oneplus', 'phone', 'huawei', 'laptop', 'getting', 'university', 'feeling', 'premium', 'less', 'bonus', 'ups', 'ikeas', 'articulating', 'lamps', '20', 'homework', 'incredibly', 'without', 'eye', 'strain', 'old', 'door', 'refinished', 'use', 'desktop', 'wired', 'earbuds', 'hardware', 'store', 'earmuffs', 'noisecancelling', 'headphones', 'sets', 'hanes', 'underwear', 'target', 'lasting', 'whole', 'ride']","['shoutout', 'oneplu', 'phone', 'huawei', 'laptop', 'get', 'univers', 'feel', 'premium', 'less', 'bonu', 'up', 'ikea', 'articul', 'lamp', '20', 'homework', 'incred', 'without', 'eye', 'strain', 'old', 'door', 'refinish', 'use', 'desktop', 'wire', 'earbud', 'hardwar', 'store', 'earmuff', 'noisecancel', 'headphon', 'set', 'hane', 'underwear', 'target', 'last', 'whole', 'ride']","['shoutout', 'oneplus', 'phone', 'huawei', 'laptop', 'get', 'university', 'feel', 'premium', 'less', 'bonus', 'ups', 'ikeas', 'articulate', 'lamp', '20', 'homework', 'incredibly', 'without', 'eye', 'strain', 'old', 'door', 'refinish', 'use', 'desktop', 'wire', 'earbuds', 'hardware', 'store', 'earmuff', 'noisecancelling', 'headphone', 'set', 'hanes', 'underwear', 'target', 'lasting', 'whole', 'ride']",shoutout oneplus phone huawei laptop get university feel premium less bonus ups ikeas articulate lamp 20 homework incredibly without eye strain old door refinish use desktop wire earbuds hardware store earmuff noisecancelling headphone set hanes underwear target lasting whole ride
best buy we want to sponsor a back to school type video but you can only push the high end stuff marques say less,neutral,best buy we want to sponsor a back to school type video but you can only push the high end stuff marques say less,"['best', 'buy', 'we', 'want', 'to', 'sponsor', 'a', 'back', 'to', 'school', 'type', 'video', 'but', 'you', 'can', 'only', 'push', 'the', 'high', 'end', 'stuff', 'marques', 'say', 'less']","['best', 'buy', 'sponsor', 'back', 'school', 'type', 'push', 'high', 'end', 'stuff', 'marques', 'say', 'less']","['best', 'buy', 'sponsor', 'back', 'school', 'type', 'push', 'high', 'end', 'stuff', 'marqu', 'say', 'less']","['best', 'buy', 'sponsor', 'back', 'school', 'type', 'push', 'high', 'end', 'stuff', 'marque', 'say', 'less']",best buy sponsor back school type push high end stuff marque say less
most of the items you recommend are pretty pricey for a student im not a student myself anymore but if i were one more budget alternatives would make this video a lot better,neutral,most of the items you recommend are pretty pricey for a student im not a student myself anymore but if i were one more budget alternatives would make this video a lot better,"['most', 'of', 'the', 'items', 'you', 'recommend', 'are', 'pretty', 'pricey', 'for', 'a', 'student', 'im', 'not', 'a', 'student', 'myself', 'anymore', 'but', 'if', 'i', 'were', 'one', 'more', 'budget', 'alternatives', 'would', 'make', 'this', 'video', 'a', 'lot', 'better']","['items', 'recommend', 'pretty', 'pricey', 'student', 'im', 'student', 'anymore', 'budget', 'alternatives', 'lot', 'better']","['item', 'recommend', 'pretti', 'pricey', 'student', 'im', 'student', 'anymor', 'budget', 'altern', 'lot', 'better']","['item', 'recommend', 'pretty', 'pricey', 'student', 'im', 'student', 'anymore', 'budget', 'alternative', 'lot', 'good']",item recommend pretty pricey student im student anymore budget alternative lot good
you dont necessarily need the highend and latest tech for university i used a 2009 macbook pro throughout my years at uni had an iphone 6 and it worked out just fine whats important is to remain focused on getting that degree and graduating,positive,you do not necessarily need the highend and latest technology for university i used a 2009 macbook pro throughout my years at uni had an iphone 6 and it worked out just fine what is important is to remain focused on getting that degree and graduating,"['you', 'do', 'not', 'necessarily', 'need', 'the', 'highend', 'and', 'latest', 'technology', 'for', 'university', 'i', 'used', 'a', '2009', 'macbook', 'pro', 'throughout', 'my', 'years', 'at', 'uni', 'had', 'an', 'iphone', '6', 'and', 'it', 'worked', 'out', 'just', 'fine', 'what', 'is', 'important', 'is', 'to', 'remain', 'focused', 'on', 'getting', 'that', 'degree', 'and', 'graduating']","['necessarily', 'need', 'highend', 'latest', 'technology', 'university', 'used', '2009', 'macbook', 'pro', 'throughout', 'years', 'uni', 'iphone', 'worked', 'fine', 'important', 'remain', 'focused', 'getting', 'degree', 'graduating']","['necessarili', 'need', 'highend', 'latest', 'technolog', 'univers', 'use', '2009', 'macbook', 'pro', 'throughout', 'year', 'uni', 'iphon', 'work', 'fine', 'import', 'remain', 'focus', 'get', 'degre', 'graduat']","['necessarily', 'need', 'highend', 'late', 'technology', 'university', 'use', '2009', 'macbook', 'pro', 'throughout', 'year', 'uni', 'iphone', 'work', 'fine', 'important', 'remain', 'focus', 'get', 'degree', 'graduate']",necessarily need highend late technology university use 2009 macbook pro throughout year uni iphone work fine important remain focus get degree graduate
personally i feel like this is really out of touch most students wont be able to afford these in case anyone needs it i believe dave2ds back to school video are honestly the best ones ive seen on the topic consider checking them out too before making a purchase decision,positive,personally i feel like this is really out of touch most students will not be able to afford these in case anyone needs it i believe dave2ds back to school video are honestly the best ones i have seen on the topic consider checking them out too before making a purchase decision,"['personally', 'i', 'feel', 'like', 'this', 'is', 'really', 'out', 'of', 'touch', 'most', 'students', 'will', 'not', 'be', 'able', 'to', 'afford', 'these', 'in', 'case', 'anyone', 'needs', 'it', 'i', 'believe', 'dave2ds', 'back', 'to', 'school', 'video', 'are', 'honestly', 'the', 'best', 'ones', 'i', 'have', 'seen', 'on', 'the', 'topic', 'consider', 'checking', 'them', 'out', 'too', 'before', 'making', 'a', 'purchase', 'decision']","['personally', 'feel', 'touch', 'students', 'able', 'afford', 'case', 'anyone', 'needs', 'believe', 'dave2ds', 'back', 'school', 'honestly', 'best', 'ones', 'topic', 'consider', 'checking', 'making', 'purchase', 'decision']","['person', 'feel', 'touch', 'student', 'abl', 'afford', 'case', 'anyon', 'need', 'believ', 'dave2d', 'back', 'school', 'honestli', 'best', 'one', 'topic', 'consid', 'check', 'make', 'purchas', 'decis']","['personally', 'feel', 'touch', 'student', 'able', 'afford', 'case', 'anyone', 'need', 'believe', 'dave2ds', 'back', 'school', 'honestly', 'best', 'one', 'topic', 'consider', 'check', 'make', 'purchase', 'decision']",personally feel touch student able afford case anyone need believe dave2ds back school honestly best one topic consider check make purchase decision
hey everyone good take on the video and love the recommendations if you plan on making another video such as this maybe you can also include some more budget options and best value options what i can tell from my years of studying in college and university is that your tech and needs will be based on what coursesprogramme you took for your education engineering students require computer specs that can run bim software im not sure about the other programmes but from what i can see that most students at my place has 8gb of ram for their laptops also here is my setup during my university years hope it can help anyone who are looking to buy something for their collegeuniversity years all the best laptop asus x455l upgraded to ssd with additional ram phone vivo y69redmi 10samsung a22 4g mouse logitech g102 keyboard tecware tkl ver,positive,hey everyone good take on the video and love the recommendations if you plan on making another video such as this maybe you can also include some more budget options and best value options what i can tell from my years of studying in college and university is that your technology and needs will be based on what coursesprogramme you took for your education engineering students require computer specs that can run bim software im not sure about the other programmes but from what i can see that most students at my place has 8gb of random access memory for their laptops also here is my setup during my university years hope it can help anyone who are looking to buy something for their collegeuniversity years all the best laptop asus x455l upgraded to ssd with additional random access memory phone vivo y69redmi 10samsung a22 4g mouse logitech g102 keyboard tecware tkl ver,"['hey', 'everyone', 'good', 'take', 'on', 'the', 'video', 'and', 'love', 'the', 'recommendations', 'if', 'you', 'plan', 'on', 'making', 'another', 'video', 'such', 'as', 'this', 'maybe', 'you', 'can', 'also', 'include', 'some', 'more', 'budget', 'options', 'and', 'best', 'value', 'options', 'what', 'i', 'can', 'tell', 'from', 'my', 'years', 'of', 'studying', 'in', 'college', 'and', 'university', 'is', 'that', 'your', 'technology', 'and', 'needs', 'will', 'be', 'based', 'on', 'what', 'coursesprogramme', 'you', 'took', 'for', 'your', 'education', 'engineering', 'students', 'require', 'computer', 'specs', 'that', 'can', 'run', 'bim', 'software', 'im', 'not', 'sure', 'about', 'the', 'other', 'programmes', 'but', 'from', 'what', 'i', 'can', 'see', 'that', 'most', 'students', 'at', 'my', 'place', 'has', '8gb', 'of', 'random', 'access', 'memory', 'for', 'their', 'laptops', 'also', 'here', 'is', 'my', 'setup', 'during', 'my', 'university', 'years', 'hope', 'it', 'can', 'help', 'anyone', 'who', 'are', 'looking', 'to', 'buy', 'something', 'for', 'their', 'collegeuniversity', 'years', 'all', 'the', 'best', 'laptop', 'asus', 'x455l', 'upgraded', 'to', 'ssd', 'with', 'additional', 'random', 'access', 'memory', 'phone', 'vivo', 'y69redmi', '10samsung', 'a22', '4g', 'mouse', 'logitech', 'g102', 'keyboard', 'tecware', 'tkl', 'ver']","['hey', 'everyone', 'take', 'love', 'recommendations', 'plan', 'making', 'another', 'maybe', 'include', 'budget', 'options', 'best', 'value', 'options', 'tell', 'years', 'studying', 'college', 'university', 'technology', 'needs', 'based', 'coursesprogramme', 'took', 'education', 'engineering', 'students', 'require', 'computer', 'specs', 'run', 'bim', 'software', 'im', 'sure', 'programmes', 'students', 'place', '8gb', 'random', 'access', 'memory', 'laptops', 'setup', 'university', 'years', 'hope', 'help', 'anyone', 'looking', 'buy', 'something', 'collegeuniversity', 'years', 'best', 'laptop', 'asus', 'x455l', 'upgraded', 'ssd', 'additional', 'random', 'access', 'memory', 'phone', 'vivo', 'y69redmi', '10samsung', 'a22', '4g', 'mouse', 'logitech', 'g102', 'keyboard', 'tecware', 'tkl', 'ver']","['hey', 'everyon', 'take', 'love', 'recommend', 'plan', 'make', 'anoth', 'mayb', 'includ', 'budget', 'option', 'best', 'valu', 'option', 'tell', 'year', 'studi', 'colleg', 'univers', 'technolog', 'need', 'base', 'coursesprogramm', 'took', 'educ', 'engin', 'student', 'requir', 'comput', 'spec', 'run', 'bim', 'softwar', 'im', 'sure', 'programm', 'student', 'place', '8gb', 'random', 'access', 'memori', 'laptop', 'setup', 'univers', 'year', 'hope', 'help', 'anyon', 'look', 'buy', 'someth', 'collegeunivers', 'year', 'best', 'laptop', 'asu', 'x455l', 'upgrad', 'ssd', 'addit', 'random', 'access', 'memori', 'phone', 'vivo', 'y69redmi', '10samsung', 'a22', '4g', 'mous', 'logitech', 'g102', 'keyboard', 'tecwar', 'tkl', 'ver']","['hey', 'everyone', 'take', 'love', 'recommendation', 'plan', 'make', 'another', 'maybe', 'include', 'budget', 'option', 'best', 'value', 'option', 'tell', 'year', 'study', 'college', 'university', 'technology', 'need', 'base', 'coursesprogramme', 'take', 'education', 'engineering', 'student', 'require', 'computer', 'spec', 'run', 'bim', 'software', 'im', 'sure', 'programme', 'student', 'place', '8gb', 'random', 'access', 'memory', 'laptop', 'setup', 'university', 'year', 'hope', 'help', 'anyone', 'look', 'buy', 'something', 'collegeuniversity', 'year', 'best', 'laptop', 'asus', 'x455l', 'upgrade', 'ssd', 'additional', 'random', 'access', 'memory', 'phone', 'vivo', 'y69redmi', '10samsung', 'a22', '4g', 'mouse', 'logitech', 'g102', 'keyboard', 'tecware', 'tkl', 'ver']",hey everyone take love recommendation plan make another maybe include budget option best value option tell year study college university technology need base coursesprogramme take education engineering student require computer spec run bim software im sure programme student place 8gb random access memory laptop setup university year hope help anyone look buy something collegeuniversity year best laptop asus x455l upgrade ssd additional random access memory phone vivo y69redmi 10samsung a22 4g mouse logitech g102 keyboard tecware tkl ver
i have used galaxy tab s7 during my phd its been a lifesaver for me first of all it is really good for reading journals note taking and scribbling on the pdfs secondly it doesnt strain your eye that much when you use a computer or a laptop always at a fixed distance thirdly you get the premium version of noteshelf free with tab s7 and lastly if you are from a stem background and use a lot of illustrations or flow process diagrams you can draw those easily with the stylus on tab s7 i choose tab s7 over apple ipad air for its ease of use user interface and cost you get stylus for free with tab s7 and in most cases keyboard too with a huge student discount,positive,i have used galaxy tab s7 during my phd its been a lifesaver for me first of all it is really good for reading journals note taking and scribbling on the pdfs secondly it does not strain your eye that much when you use a computer or a laptop always at a fixed distance thirdly you get the premium version of noteshelf free with tab s7 and lastly if you are from a stem background and use a lot of illustrations or flow process diagrams you can draw those easily with the stylus on tab s7 i choose tab s7 over apple ipad air for its ease of use user interface and cost you get stylus for free with tab s7 and in most cases keyboard too with a huge student discount,"['i', 'have', 'used', 'galaxy', 'tab', 's7', 'during', 'my', 'phd', 'its', 'been', 'a', 'lifesaver', 'for', 'me', 'first', 'of', 'all', 'it', 'is', 'really', 'good', 'for', 'reading', 'journals', 'note', 'taking', 'and', 'scribbling', 'on', 'the', 'pdfs', 'secondly', 'it', 'does', 'not', 'strain', 'your', 'eye', 'that', 'much', 'when', 'you', 'use', 'a', 'computer', 'or', 'a', 'laptop', 'always', 'at', 'a', 'fixed', 'distance', 'thirdly', 'you', 'get', 'the', 'premium', 'version', 'of', 'noteshelf', 'free', 'with', 'tab', 's7', 'and', 'lastly', 'if', 'you', 'are', 'from', 'a', 'stem', 'background', 'and', 'use', 'a', 'lot', 'of', 'illustrations', 'or', 'flow', 'process', 'diagrams', 'you', 'can', 'draw', 'those', 'easily', 'with', 'the', 'stylus', 'on', 'tab', 's7', 'i', 'choose', 'tab', 's7', 'over', 'apple', 'ipad', 'air', 'for', 'its', 'ease', 'of', 'use', 'user', 'interface', 'and', 'cost', 'you', 'get', 'stylus', 'for', 'free', 'with', 'tab', 's7', 'and', 'in', 'most', 'cases', 'keyboard', 'too', 'with', 'a', 'huge', 'student', 'discount']","['used', 'galaxy', 'tab', 's7', 'phd', 'lifesaver', 'first', 'reading', 'journals', 'note', 'taking', 'scribbling', 'pdfs', 'secondly', 'strain', 'eye', 'use', 'computer', 'laptop', 'always', 'fixed', 'distance', 'thirdly', 'premium', 'version', 'noteshelf', 'free', 'tab', 's7', 'lastly', 'stem', 'background', 'use', 'lot', 'illustrations', 'flow', 'process', 'diagrams', 'draw', 'easily', 'stylus', 'tab', 's7', 'choose', 'tab', 's7', 'apple', 'ipad', 'air', 'ease', 'use', 'user', 'interface', 'cost', 'stylus', 'free', 'tab', 's7', 'cases', 'keyboard', 'huge', 'student', 'discount']","['use', 'galaxi', 'tab', 's7', 'phd', 'lifesav', 'first', 'read', 'journal', 'note', 'take', 'scribbl', 'pdf', 'secondli', 'strain', 'eye', 'use', 'comput', 'laptop', 'alway', 'fix', 'distanc', 'thirdli', 'premium', 'version', 'noteshelf', 'free', 'tab', 's7', 'lastli', 'stem', 'background', 'use', 'lot', 'illustr', 'flow', 'process', 'diagram', 'draw', 'easili', 'stylu', 'tab', 's7', 'choos', 'tab', 's7', 'appl', 'ipad', 'air', 'eas', 'use', 'user', 'interfac', 'cost', 'stylu', 'free', 'tab', 's7', 'case', 'keyboard', 'huge', 'student', 'discount']","['use', 'galaxy', 'tab', 's7', 'phd', 'lifesaver', 'first', 'read', 'journal', 'note', 'take', 'scribble', 'pdfs', 'secondly', 'strain', 'eye', 'use', 'computer', 'laptop', 'always', 'fix', 'distance', 'thirdly', 'premium', 'version', 'noteshelf', 'free', 'tab', 's7', 'lastly', 'stem', 'background', 'use', 'lot', 'illustration', 'flow', 'process', 'diagram', 'draw', 'easily', 'stylus', 'tab', 's7', 'choose', 'tab', 's7', 'apple', 'ipad', 'air', 'ease', 'use', 'user', 'interface', 'cost', 'stylus', 'free', 'tab', 's7', 'case', 'keyboard', 'huge', 'student', 'discount']",use galaxy tab s7 phd lifesaver first read journal note take scribble pdfs secondly strain eye use computer laptop always fix distance thirdly premium version noteshelf free tab s7 lastly stem background use lot illustration flow process diagram draw easily stylus tab s7 choose tab s7 apple ipad air ease use user interface cost stylus free tab s7 case keyboard huge student discount
when he says hes a 400 year old beer wizard i believe him,neutral,when he says hes a 400 year old beer wizard i believe him,"['when', 'he', 'says', 'hes', 'a', '400', 'year', 'old', 'beer', 'wizard', 'i', 'believe', 'him']","['says', 'hes', '400', 'year', 'old', 'beer', 'wizard', 'believe']","['say', 'he', '400', 'year', 'old', 'beer', 'wizard', 'believ']","['say', 'he', '400', 'year', 'old', 'beer', 'wizard', 'believe']",say he 400 year old beer wizard believe
this series is exactly what career day shouldve been such interesting and knowledgeable people,positive,this series is exactly what career day shouldve been such interesting and knowledgeable people,"['this', 'series', 'is', 'exactly', 'what', 'career', 'day', 'shouldve', 'been', 'such', 'interesting', 'and', 'knowledgeable', 'people']","['series', 'exactly', 'career', 'day', 'shouldve', 'interesting', 'knowledgeable', 'people']","['seri', 'exactli', 'career', 'day', 'shouldv', 'interest', 'knowledg', 'peopl']","['series', 'exactly', 'career', 'day', 'shouldve', 'interesting', 'knowledgeable', 'people']",series exactly career day shouldve interesting knowledgeable people
regarding cans vs bottles at least in germany the bottle is more environmentally friendly since they get used again and again you bring the empty bottles to the local grocery shop they then get sent to a cleaning plant where they pressurewash the bottles inside and out with steaming hot water afterwards they get reused for beer the size and shape of most bottles is according to a standard so different brewers use the same bottles its far less energy intense than smelting and remanufacturing cans,neutral,regarding cans vs bottles at least in germany the bottle is more environmentally friendly since they get used again and again you bring the empty bottles to the local grocery shop they then get sent to a cleaning plant where they pressurewash the bottles inside and out with steaming hot water afterwards they get reused for beer the size and shape of most bottles is according to a standard so different brewers use the same bottles its far less energy intense than smelting and remanufacturing cans,"['regarding', 'cans', 'vs', 'bottles', 'at', 'least', 'in', 'germany', 'the', 'bottle', 'is', 'more', 'environmentally', 'friendly', 'since', 'they', 'get', 'used', 'again', 'and', 'again', 'you', 'bring', 'the', 'empty', 'bottles', 'to', 'the', 'local', 'grocery', 'shop', 'they', 'then', 'get', 'sent', 'to', 'a', 'cleaning', 'plant', 'where', 'they', 'pressurewash', 'the', 'bottles', 'inside', 'and', 'out', 'with', 'steaming', 'hot', 'water', 'afterwards', 'they', 'get', 'reused', 'for', 'beer', 'the', 'size', 'and', 'shape', 'of', 'most', 'bottles', 'is', 'according', 'to', 'a', 'standard', 'so', 'different', 'brewers', 'use', 'the', 'same', 'bottles', 'its', 'far', 'less', 'energy', 'intense', 'than', 'smelting', 'and', 'remanufacturing', 'cans']","['regarding', 'cans', 'vs', 'bottles', 'least', 'germany', 'bottle', 'environmentally', 'friendly', 'since', 'used', 'bring', 'empty', 'bottles', 'local', 'grocery', 'shop', 'sent', 'cleaning', 'plant', 'pressurewash', 'bottles', 'inside', 'steaming', 'hot', 'water', 'afterwards', 'reused', 'beer', 'size', 'shape', 'bottles', 'according', 'standard', 'different', 'brewers', 'use', 'bottles', 'far', 'less', 'energy', 'intense', 'smelting', 'remanufacturing', 'cans']","['regard', 'can', 'vs', 'bottl', 'least', 'germani', 'bottl', 'environment', 'friendli', 'sinc', 'use', 'bring', 'empti', 'bottl', 'local', 'groceri', 'shop', 'sent', 'clean', 'plant', 'pressurewash', 'bottl', 'insid', 'steam', 'hot', 'water', 'afterward', 'reus', 'beer', 'size', 'shape', 'bottl', 'accord', 'standard', 'differ', 'brewer', 'use', 'bottl', 'far', 'less', 'energi', 'intens', 'smelt', 'remanufactur', 'can']","['regard', 'can', 'vs', 'bottle', 'least', 'germany', 'bottle', 'environmentally', 'friendly', 'since', 'use', 'bring', 'empty', 'bottle', 'local', 'grocery', 'shop', 'send', 'cleaning', 'plant', 'pressurewash', 'bottle', 'inside', 'steam', 'hot', 'water', 'afterwards', 'reuse', 'beer', 'size', 'shape', 'bottle', 'accord', 'standard', 'different', 'brewer', 'use', 'bottle', 'far', 'less', 'energy', 'intense', 'smelt', 'remanufacturing', 'can']",regard can vs bottle least germany bottle environmentally friendly since use bring empty bottle local grocery shop send cleaning plant pressurewash bottle inside steam hot water afterwards reuse beer size shape bottle accord standard different brewer use bottle far less energy intense smelt remanufacturing can
how does every person wired brings on this show act like theyve been in front of cameras 5000 times,negative,how does every person wired brings on this show act like they have been in front of cameras 5000 times,"['how', 'does', 'every', 'person', 'wired', 'brings', 'on', 'this', 'show', 'act', 'like', 'they', 'have', 'been', 'in', 'front', 'of', 'cameras', '5000', 'times']","['every', 'person', 'wired', 'brings', 'show', 'act', 'front', 'cameras', '5000', 'times']","['everi', 'person', 'wire', 'bring', 'show', 'act', 'front', 'camera', '5000', 'time']","['every', 'person', 'wire', 'brings', 'show', 'act', 'front', 'camera', '5000', 'time']",every person wire brings show act front camera 5000 time
idk who’s picking these people but give them a raise,neutral,i do not know who is picking these people but give them a raise,"['i', 'do', 'not', 'know', 'who', 'is', 'picking', 'these', 'people', 'but', 'give', 'them', 'a', 'raise']","['picking', 'people', 'give', 'raise']","['pick', 'peopl', 'give', 'rais']","['pick', 'people', 'give', 'raise']",pick people give raise
his face when describing hops killed me “some of them smell pretty… dank “,negative,his face when describing hops killed me some of them smell pretty dank,"['his', 'face', 'when', 'describing', 'hops', 'killed', 'me', 'some', 'of', 'them', 'smell', 'pretty', 'dank']","['face', 'describing', 'hops', 'killed', 'smell', 'pretty', 'dank']","['face', 'describ', 'hop', 'kill', 'smell', 'pretti', 'dank']","['face', 'describe', 'hop', 'kill', 'smell', 'pretty', 'dank']",face describe hop kill smell pretty dank
seasoned craft brewery tour guide here and i’m so glad he ended on “drink what you like” sometimes people get weirdly judgmental about the beer preferences of others at the end of the day there are hundreds of beer styles for a reason so everyone can find at least one style they actually like,positive,seasoned craft brewery tour guide here and im so glad he ended on drink what you like sometimes people get weirdly judgmental about the beer preferences of others at the end of the day there are hundreds of beer styles for a reason so everyone can find at least one style they actually like,"['seasoned', 'craft', 'brewery', 'tour', 'guide', 'here', 'and', 'im', 'so', 'glad', 'he', 'ended', 'on', 'drink', 'what', 'you', 'like', 'sometimes', 'people', 'get', 'weirdly', 'judgmental', 'about', 'the', 'beer', 'preferences', 'of', 'others', 'at', 'the', 'end', 'of', 'the', 'day', 'there', 'are', 'hundreds', 'of', 'beer', 'styles', 'for', 'a', 'reason', 'so', 'everyone', 'can', 'find', 'at', 'least', 'one', 'style', 'they', 'actually', 'like']","['seasoned', 'craft', 'brewery', 'tour', 'guide', 'im', 'glad', 'ended', 'drink', 'sometimes', 'people', 'weirdly', 'judgmental', 'beer', 'preferences', 'others', 'end', 'day', 'hundreds', 'beer', 'styles', 'reason', 'everyone', 'find', 'least', 'style', 'actually']","['season', 'craft', 'breweri', 'tour', 'guid', 'im', 'glad', 'end', 'drink', 'sometim', 'peopl', 'weirdli', 'judgment', 'beer', 'prefer', 'other', 'end', 'day', 'hundr', 'beer', 'style', 'reason', 'everyon', 'find', 'least', 'style', 'actual']","['season', 'craft', 'brewery', 'tour', 'guide', 'im', 'glad', 'end', 'drink', 'sometimes', 'people', 'weirdly', 'judgmental', 'beer', 'preference', 'others', 'end', 'day', 'hundred', 'beer', 'style', 'reason', 'everyone', 'find', 'least', 'style', 'actually']",season craft brewery tour guide im glad end drink sometimes people weirdly judgmental beer preference others end day hundred beer style reason everyone find least style actually
this guy is a total bro not snobby at all and just wants people to enjoy beer in whatever way they want such a contrast with your stereotypical beverage elitists,positive,this guy is a total bro not snobby at all and just wants people to enjoy beer in whatever way they want such a contrast with your stereotypical beverage elitists,"['this', 'guy', 'is', 'a', 'total', 'bro', 'not', 'snobby', 'at', 'all', 'and', 'just', 'wants', 'people', 'to', 'enjoy', 'beer', 'in', 'whatever', 'way', 'they', 'want', 'such', 'a', 'contrast', 'with', 'your', 'stereotypical', 'beverage', 'elitists']","['guy', 'total', 'bro', 'snobby', 'wants', 'people', 'enjoy', 'beer', 'whatever', 'way', 'contrast', 'stereotypical', 'beverage', 'elitists']","['guy', 'total', 'bro', 'snobbi', 'want', 'peopl', 'enjoy', 'beer', 'whatev', 'way', 'contrast', 'stereotyp', 'beverag', 'elitist']","['guy', 'total', 'bro', 'snobby', 'want', 'people', 'enjoy', 'beer', 'whatever', 'way', 'contrast', 'stereotypical', 'beverage', 'elitist']",guy total bro snobby want people enjoy beer whatever way contrast stereotypical beverage elitist
y’all be picking the literal best professionals for these videos not only is everyone knowledgeable but they all seem passionate and eager to teach us,positive,you all be picking the literal best professionals for these videos not only is everyone knowledgeable but they all seem passionate and eager to teach us,"['you', 'all', 'be', 'picking', 'the', 'literal', 'best', 'professionals', 'for', 'these', 'videos', 'not', 'only', 'is', 'everyone', 'knowledgeable', 'but', 'they', 'all', 'seem', 'passionate', 'and', 'eager', 'to', 'teach', 'us']","['picking', 'literal', 'best', 'professionals', 'videos', 'everyone', 'knowledgeable', 'seem', 'passionate', 'eager', 'teach', 'us']","['pick', 'liter', 'best', 'profession', 'video', 'everyon', 'knowledg', 'seem', 'passion', 'eager', 'teach', 'us']","['pick', 'literal', 'best', 'professional', 'videos', 'everyone', 'knowledgeable', 'seem', 'passionate', 'eager', 'teach', 'u']",pick literal best professional videos everyone knowledgeable seem passionate eager teach u
this guy has a face made for movies a voice made for radio and a great personality i wanna see more of garrett,positive,this guy has a face made for movies a voice made for radio and a great personality i want to see more of garrett,"['this', 'guy', 'has', 'a', 'face', 'made', 'for', 'movies', 'a', 'voice', 'made', 'for', 'radio', 'and', 'a', 'great', 'personality', 'i', 'want', 'to', 'see', 'more', 'of', 'garrett']","['guy', 'face', 'movies', 'voice', 'radio', 'personality', 'garrett']","['guy', 'face', 'movi', 'voic', 'radio', 'person', 'garrett']","['guy', 'face', 'movie', 'voice', 'radio', 'personality', 'garrett']",guy face movie voice radio personality garrett
whenever we get people young enough to actually understand the internet these giant tech companies might be broken up but as long as we have 90 year old senators asking tech ceos how the internet works nothing will get done,negative,whenever we get people young enough to actually understand the internet these giant technology companies might be broken up but as long as we have 90 year old senators asking technology ceos how the internet works nothing will get done,"['whenever', 'we', 'get', 'people', 'young', 'enough', 'to', 'actually', 'understand', 'the', 'internet', 'these', 'giant', 'technology', 'companies', 'might', 'be', 'broken', 'up', 'but', 'as', 'long', 'as', 'we', 'have', '90', 'year', 'old', 'senators', 'asking', 'technology', 'ceos', 'how', 'the', 'internet', 'works', 'nothing', 'will', 'get', 'done']","['whenever', 'people', 'young', 'enough', 'actually', 'understand', 'internet', 'giant', 'technology', 'companies', 'might', 'broken', 'long', '90', 'year', 'old', 'senators', 'asking', 'technology', 'ceos', 'internet', 'works', 'nothing', 'done']","['whenev', 'peopl', 'young', 'enough', 'actual', 'understand', 'internet', 'giant', 'technolog', 'compani', 'might', 'broken', 'long', '90', 'year', 'old', 'senat', 'ask', 'technolog', 'ceo', 'internet', 'work', 'noth', 'done']","['whenever', 'people', 'young', 'enough', 'actually', 'understand', 'internet', 'giant', 'technology', 'company', 'might', 'break', 'long', '90', 'year', 'old', 'senator', 'ask', 'technology', 'ceo', 'internet', 'work', 'nothing', 'do']",whenever people young enough actually understand internet giant technology company might break long 90 year old senator ask technology ceo internet work nothing do
i live for johns roasts of att,positive,i live for johns roasts of att,"['i', 'live', 'for', 'johns', 'roasts', 'of', 'att']","['live', 'johns', 'roasts', 'att']","['live', 'john', 'roast', 'att']","['live', 'john', 'roast', 'att']",live john roast att
mad respect to john oliver and his team for not making us watch ads during the show major props,positive,mad respect to john oliver and his team for not making us watch ads during the show major props,"['mad', 'respect', 'to', 'john', 'oliver', 'and', 'his', 'team', 'for', 'not', 'making', 'us', 'watch', 'ads', 'during', 'the', 'show', 'major', 'props']","['mad', 'respect', 'john', 'oliver', 'team', 'making', 'us', 'watch', 'ads', 'show', 'major', 'props']","['mad', 'respect', 'john', 'oliv', 'team', 'make', 'us', 'watch', 'ad', 'show', 'major', 'prop']","['mad', 'respect', 'john', 'oliver', 'team', 'make', 'u', 'watch', 'ad', 'show', 'major', 'prop']",mad respect john oliver team make u watch ad show major prop
one important aspect im surprised was left out is that many of these companies like amazon literally power the internet almost 30 of the websites on the internet are stored on amazon servers giving them even more access to data trends and physical control over the internet,positive,one important aspect im surprised was left out is that many of these companies like amazon literally power the internet almost 30 of the websites on the internet are stored on amazon servers giving them even more access to data trends and physical control over the internet,"['one', 'important', 'aspect', 'im', 'surprised', 'was', 'left', 'out', 'is', 'that', 'many', 'of', 'these', 'companies', 'like', 'amazon', 'literally', 'power', 'the', 'internet', 'almost', '30', 'of', 'the', 'websites', 'on', 'the', 'internet', 'are', 'stored', 'on', 'amazon', 'servers', 'giving', 'them', 'even', 'more', 'access', 'to', 'data', 'trends', 'and', 'physical', 'control', 'over', 'the', 'internet']","['important', 'aspect', 'im', 'surprised', 'left', 'companies', 'amazon', 'literally', 'power', 'internet', 'almost', '30', 'websites', 'internet', 'stored', 'amazon', 'servers', 'giving', 'access', 'data', 'trends', 'physical', 'control', 'internet']","['import', 'aspect', 'im', 'surpris', 'left', 'compani', 'amazon', 'liter', 'power', 'internet', 'almost', '30', 'websit', 'internet', 'store', 'amazon', 'server', 'give', 'access', 'data', 'trend', 'physic', 'control', 'internet']","['important', 'aspect', 'im', 'surprise', 'left', 'company', 'amazon', 'literally', 'power', 'internet', 'almost', '30', 'website', 'internet', 'store', 'amazon', 'server', 'give', 'access', 'data', 'trend', 'physical', 'control', 'internet']",important aspect im surprise left company amazon literally power internet almost 30 website internet store amazon server give access data trend physical control internet
shout to you john oliver for giving me a brief trip down memory lane ive been in the telecommunications industry for almost 25 years and my first job was atmci great company that got swallowed up in a horrible merger with worldcom bing it and see how that disaster played out,neutral,shout to you john oliver for giving me a brief trip down memory lane i have been in the telecommunications industry for almost 25 years and my first job was atmci great company that got swallowed up in a horrible merger with worldcom bing it and see how that disaster played out,"['shout', 'to', 'you', 'john', 'oliver', 'for', 'giving', 'me', 'a', 'brief', 'trip', 'down', 'memory', 'lane', 'i', 'have', 'been', 'in', 'the', 'telecommunications', 'industry', 'for', 'almost', '25', 'years', 'and', 'my', 'first', 'job', 'was', 'atmci', 'great', 'company', 'that', 'got', 'swallowed', 'up', 'in', 'a', 'horrible', 'merger', 'with', 'worldcom', 'bing', 'it', 'and', 'see', 'how', 'that', 'disaster', 'played', 'out']","['shout', 'john', 'oliver', 'giving', 'brief', 'trip', 'memory', 'lane', 'telecommunications', 'industry', 'almost', '25', 'years', 'first', 'job', 'atmci', 'company', 'swallowed', 'horrible', 'merger', 'worldcom', 'bing', 'disaster', 'played']","['shout', 'john', 'oliv', 'give', 'brief', 'trip', 'memori', 'lane', 'telecommun', 'industri', 'almost', '25', 'year', 'first', 'job', 'atmci', 'compani', 'swallow', 'horribl', 'merger', 'worldcom', 'bing', 'disast', 'play']","['shout', 'john', 'oliver', 'give', 'brief', 'trip', 'memory', 'lane', 'telecommunication', 'industry', 'almost', '25', 'year', 'first', 'job', 'atmci', 'company', 'swallow', 'horrible', 'merger', 'worldcom', 'bing', 'disaster', 'play']",shout john oliver give brief trip memory lane telecommunication industry almost 25 year first job atmci company swallow horrible merger worldcom bing disaster play
back in 2018 when john oliver did the episode on corporate consolidation it inspired me so much that i applied for a masters of research program got into a program and did my entire research thesis on tech oligopolies it was shocking to see how bad it really is oligopolies that bordered in monopolies are rampant my research essentially focused on the question of whether lack of enforcement of our antitrust laws caused this whole problem or whether lack of adequate laws were the core of the issue the answer was that it was truly both i thoroughly enjoyed my predoctoral masters thesis and am considering a phd in the future its so lovely to see john talk about this specifically on the tech sector edit wow thanks everyone for the great comments i havent published it yet otherwise i would share it with all you lovely people  i am now looking for a policy or qualitative researchanalyst job so if anyone is hiring let me know ,negative,back in 2018 when john oliver did the episode on corporate consolidation it inspired me so much that i applied for a masters of research program got into a program and did my entire research thesis on technology oligopolies it was shocking to see how bad it really is oligopolies that bordered in monopolies are rampant my research essentially focused on the question of whether lack of enforcement of our antitrust laws caused this whole problem or whether lack of adequate laws were the core of the issue the answer was that it was truly both i thoroughly enjoyed my predoctoral masters thesis and am considering a phd in the future its so lovely to see john talk about this specifically on the technology sector edit wow thanks everyone for the great comments i have not published it yet otherwise i would share it with all you lovely people i am now looking for a policy or qualitative researchanalyst job so if anyone is hiring let me know,"['back', 'in', '2018', 'when', 'john', 'oliver', 'did', 'the', 'episode', 'on', 'corporate', 'consolidation', 'it', 'inspired', 'me', 'so', 'much', 'that', 'i', 'applied', 'for', 'a', 'masters', 'of', 'research', 'program', 'got', 'into', 'a', 'program', 'and', 'did', 'my', 'entire', 'research', 'thesis', 'on', 'technology', 'oligopolies', 'it', 'was', 'shocking', 'to', 'see', 'how', 'bad', 'it', 'really', 'is', 'oligopolies', 'that', 'bordered', 'in', 'monopolies', 'are', 'rampant', 'my', 'research', 'essentially', 'focused', 'on', 'the', 'question', 'of', 'whether', 'lack', 'of', 'enforcement', 'of', 'our', 'antitrust', 'laws', 'caused', 'this', 'whole', 'problem', 'or', 'whether', 'lack', 'of', 'adequate', 'laws', 'were', 'the', 'core', 'of', 'the', 'issue', 'the', 'answer', 'was', 'that', 'it', 'was', 'truly', 'both', 'i', 'thoroughly', 'enjoyed', 'my', 'predoctoral', 'masters', 'thesis', 'and', 'am', 'considering', 'a', 'phd', 'in', 'the', 'future', 'its', 'so', 'lovely', 'to', 'see', 'john', 'talk', 'about', 'this', 'specifically', 'on', 'the', 'technology', 'sector', 'edit', 'wow', 'thanks', 'everyone', 'for', 'the', 'great', 'comments', 'i', 'have', 'not', 'published', 'it', 'yet', 'otherwise', 'i', 'would', 'share', 'it', 'with', 'all', 'you', 'lovely', 'people', 'i', 'am', 'now', 'looking', 'for', 'a', 'policy', 'or', 'qualitative', 'researchanalyst', 'job', 'so', 'if', 'anyone', 'is', 'hiring', 'let', 'me', 'know']","['back', '2018', 'john', 'oliver', 'episode', 'corporate', 'consolidation', 'inspired', 'applied', 'masters', 'research', 'program', 'program', 'entire', 'research', 'thesis', 'technology', 'oligopolies', 'shocking', 'bad', 'oligopolies', 'bordered', 'monopolies', 'rampant', 'research', 'essentially', 'focused', 'question', 'whether', 'lack', 'enforcement', 'antitrust', 'laws', 'caused', 'whole', 'problem', 'whether', 'lack', 'adequate', 'laws', 'core', 'issue', 'answer', 'truly', 'thoroughly', 'enjoyed', 'predoctoral', 'masters', 'thesis', 'considering', 'phd', 'future', 'lovely', 'john', 'talk', 'specifically', 'technology', 'sector', 'edit', 'wow', 'thanks', 'everyone', 'comments', 'published', 'yet', 'otherwise', 'lovely', 'people', 'looking', 'policy', 'qualitative', 'researchanalyst', 'job', 'anyone', 'hiring', 'let']","['back', '2018', 'john', 'oliv', 'episod', 'corpor', 'consolid', 'inspir', 'appli', 'master', 'research', 'program', 'program', 'entir', 'research', 'thesi', 'technolog', 'oligopoli', 'shock', 'bad', 'oligopoli', 'border', 'monopoli', 'rampant', 'research', 'essenti', 'focus', 'question', 'whether', 'lack', 'enforc', 'antitrust', 'law', 'caus', 'whole', 'problem', 'whether', 'lack', 'adequ', 'law', 'core', 'issu', 'answer', 'truli', 'thoroughli', 'enjoy', 'predoctor', 'master', 'thesi', 'consid', 'phd', 'futur', 'love', 'john', 'talk', 'specif', 'technolog', 'sector', 'edit', 'wow', 'thank', 'everyon', 'comment', 'publish', 'yet', 'otherwis', 'love', 'peopl', 'look', 'polici', 'qualit', 'researchanalyst', 'job', 'anyon', 'hire', 'let']","['back', '2018', 'john', 'oliver', 'episode', 'corporate', 'consolidation', 'inspire', 'applied', 'master', 'research', 'program', 'program', 'entire', 'research', 'thesis', 'technology', 'oligopoly', 'shock', 'bad', 'oligopoly', 'border', 'monopoly', 'rampant', 'research', 'essentially', 'focus', 'question', 'whether', 'lack', 'enforcement', 'antitrust', 'law', 'cause', 'whole', 'problem', 'whether', 'lack', 'adequate', 'law', 'core', 'issue', 'answer', 'truly', 'thoroughly', 'enjoyed', 'predoctoral', 'master', 'thesis', 'consider', 'phd', 'future', 'lovely', 'john', 'talk', 'specifically', 'technology', 'sector', 'edit', 'wow', 'thanks', 'everyone', 'comment', 'publish', 'yet', 'otherwise', 'lovely', 'people', 'look', 'policy', 'qualitative', 'researchanalyst', 'job', 'anyone', 'hire', 'let']",back 2018 john oliver episode corporate consolidation inspire applied master research program program entire research thesis technology oligopoly shock bad oligopoly border monopoly rampant research essentially focus question whether lack enforcement antitrust law cause whole problem whether lack adequate law core issue answer truly thoroughly enjoyed predoctoral master thesis consider phd future lovely john talk specifically technology sector edit wow thanks everyone comment publish yet otherwise lovely people look policy qualitative researchanalyst job anyone hire let
john oliver deserves an oscar for his can dolphins love you monologue,positive,john oliver deserves an oscar for his can dolphins love you monologue,"['john', 'oliver', 'deserves', 'an', 'oscar', 'for', 'his', 'can', 'dolphins', 'love', 'you', 'monologue']","['john', 'oliver', 'deserves', 'oscar', 'dolphins', 'love', 'monologue']","['john', 'oliv', 'deserv', 'oscar', 'dolphin', 'love', 'monologu']","['john', 'oliver', 'deserve', 'oscar', 'dolphin', 'love', 'monologue']",john oliver deserve oscar dolphin love monologue
i would love to see these bills live i live in a country where we had one company try and rule the internet charging outrageous prices for it they had specifically bought the copper network to do it the government of nz denied that as a defense as they were monopolising it and forced them to open up suddenly it turned out it didnt cost 300 to connect to unlimited internet you could get that for 80,neutral,i would love to see these bills live i live in a country where we had one company try and rule the internet charging outrageous prices for it they had specifically bought the copper network to do it the government of nz denied that as a defense as they were monopolising it and forced them to open up suddenly it turned out it did not cost 300 to connect to unlimited internet you could get that for 80,"['i', 'would', 'love', 'to', 'see', 'these', 'bills', 'live', 'i', 'live', 'in', 'a', 'country', 'where', 'we', 'had', 'one', 'company', 'try', 'and', 'rule', 'the', 'internet', 'charging', 'outrageous', 'prices', 'for', 'it', 'they', 'had', 'specifically', 'bought', 'the', 'copper', 'network', 'to', 'do', 'it', 'the', 'government', 'of', 'nz', 'denied', 'that', 'as', 'a', 'defense', 'as', 'they', 'were', 'monopolising', 'it', 'and', 'forced', 'them', 'to', 'open', 'up', 'suddenly', 'it', 'turned', 'out', 'it', 'did', 'not', 'cost', '300', 'to', 'connect', 'to', 'unlimited', 'internet', 'you', 'could', 'get', 'that', 'for', '80']","['love', 'bills', 'live', 'live', 'country', 'company', 'try', 'rule', 'internet', 'charging', 'outrageous', 'prices', 'specifically', 'bought', 'copper', 'network', 'government', 'nz', 'denied', 'defense', 'monopolising', 'forced', 'open', 'suddenly', 'turned', 'cost', '300', 'connect', 'unlimited', 'internet', '80']","['love', 'bill', 'live', 'live', 'countri', 'compani', 'tri', 'rule', 'internet', 'charg', 'outrag', 'price', 'specif', 'bought', 'copper', 'network', 'govern', 'nz', 'deni', 'defens', 'monopolis', 'forc', 'open', 'suddenli', 'turn', 'cost', '300', 'connect', 'unlimit', 'internet', '80']","['love', 'bill', 'live', 'live', 'country', 'company', 'try', 'rule', 'internet', 'charge', 'outrageous', 'price', 'specifically', 'buy', 'copper', 'network', 'government', 'nz', 'deny', 'defense', 'monopolising', 'force', 'open', 'suddenly', 'turn', 'cost', '300', 'connect', 'unlimited', 'internet', '80']",love bill live live country company try rule internet charge outrageous price specifically buy copper network government nz deny defense monopolising force open suddenly turn cost 300 connect unlimited internet 80
hey something that might interest you a couple of days ago my amazon account was closed with no warning for after hours of wasted time theyre telling me its for excessive returns which i think is an error but thats beside the point when they closed my amazon account all my amazon devices that i own for years primarily all my echo devices stopped working i lost access to the amazon photos and prime video which i pay for so apparently the devices you already own are subject to be disabled by amazon on your perceived shopping habits i assume the same applies to all other amazon devices and services like fire os tablets ring cameras and probably aws as well just wanted to make other people aware of this because they definitely dont tell you this when you buy your hardware and services,negative,hey something that might interest you a couple of days ago my amazon account was closed with no warning for after hours of wasted time they are telling me its for excessive returns which i think is an error but that is beside the point when they closed my amazon account all my amazon devices that i own for years primarily all my echo devices stopped working i lost access to the amazon photos and prime video which i pay for so apparently the devices you already own are subject to be disabled by amazon on your perceived shopping habits i assume the same applies to all other amazon devices and services like fire operating system tablets ring cameras and probably aws as well just wanted to make other people aware of this because they definitely do not tell you this when you buy your hardware and services,"['hey', 'something', 'that', 'might', 'interest', 'you', 'a', 'couple', 'of', 'days', 'ago', 'my', 'amazon', 'account', 'was', 'closed', 'with', 'no', 'warning', 'for', 'after', 'hours', 'of', 'wasted', 'time', 'they', 'are', 'telling', 'me', 'its', 'for', 'excessive', 'returns', 'which', 'i', 'think', 'is', 'an', 'error', 'but', 'that', 'is', 'beside', 'the', 'point', 'when', 'they', 'closed', 'my', 'amazon', 'account', 'all', 'my', 'amazon', 'devices', 'that', 'i', 'own', 'for', 'years', 'primarily', 'all', 'my', 'echo', 'devices', 'stopped', 'working', 'i', 'lost', 'access', 'to', 'the', 'amazon', 'photos', 'and', 'prime', 'video', 'which', 'i', 'pay', 'for', 'so', 'apparently', 'the', 'devices', 'you', 'already', 'own', 'are', 'subject', 'to', 'be', 'disabled', 'by', 'amazon', 'on', 'your', 'perceived', 'shopping', 'habits', 'i', 'assume', 'the', 'same', 'applies', 'to', 'all', 'other', 'amazon', 'devices', 'and', 'services', 'like', 'fire', 'operating', 'system', 'tablets', 'ring', 'cameras', 'and', 'probably', 'aws', 'as', 'well', 'just', 'wanted', 'to', 'make', 'other', 'people', 'aware', 'of', 'this', 'because', 'they', 'definitely', 'do', 'not', 'tell', 'you', 'this', 'when', 'you', 'buy', 'your', 'hardware', 'and', 'services']","['hey', 'something', 'might', 'interest', 'couple', 'days', 'ago', 'amazon', 'account', 'closed', 'warning', 'hours', 'wasted', 'time', 'telling', 'excessive', 'returns', 'error', 'beside', 'point', 'closed', 'amazon', 'account', 'amazon', 'devices', 'years', 'primarily', 'echo', 'devices', 'stopped', 'working', 'lost', 'access', 'amazon', 'photos', 'prime', 'pay', 'apparently', 'devices', 'already', 'subject', 'disabled', 'amazon', 'perceived', 'shopping', 'habits', 'assume', 'applies', 'amazon', 'devices', 'services', 'fire', 'operating', 'system', 'tablets', 'ring', 'cameras', 'probably', 'aws', 'wanted', 'people', 'aware', 'definitely', 'tell', 'buy', 'hardware', 'services']","['hey', 'someth', 'might', 'interest', 'coupl', 'day', 'ago', 'amazon', 'account', 'close', 'warn', 'hour', 'wast', 'time', 'tell', 'excess', 'return', 'error', 'besid', 'point', 'close', 'amazon', 'account', 'amazon', 'devic', 'year', 'primarili', 'echo', 'devic', 'stop', 'work', 'lost', 'access', 'amazon', 'photo', 'prime', 'pay', 'appar', 'devic', 'alreadi', 'subject', 'disabl', 'amazon', 'perceiv', 'shop', 'habit', 'assum', 'appli', 'amazon', 'devic', 'servic', 'fire', 'oper', 'system', 'tablet', 'ring', 'camera', 'probabl', 'aw', 'want', 'peopl', 'awar', 'definit', 'tell', 'buy', 'hardwar', 'servic']","['hey', 'something', 'might', 'interest', 'couple', 'day', 'ago', 'amazon', 'account', 'close', 'warning', 'hour', 'waste', 'time', 'tell', 'excessive', 'return', 'error', 'beside', 'point', 'close', 'amazon', 'account', 'amazon', 'device', 'year', 'primarily', 'echo', 'device', 'stop', 'work', 'lose', 'access', 'amazon', 'photo', 'prime', 'pay', 'apparently', 'device', 'already', 'subject', 'disabled', 'amazon', 'perceive', 'shop', 'habit', 'assume', 'applies', 'amazon', 'device', 'service', 'fire', 'operate', 'system', 'tablet', 'ring', 'camera', 'probably', 'aws', 'wanted', 'people', 'aware', 'definitely', 'tell', 'buy', 'hardware', 'service']",hey something might interest couple day ago amazon account close warning hour waste time tell excessive return error beside point close amazon account amazon device year primarily echo device stop work lose access amazon photo prime pay apparently device already subject disabled amazon perceive shop habit assume applies amazon device service fire operate system tablet ring camera probably aws wanted people aware definitely tell buy hardware service
points that were missed apple arguably has a specific monopoly in the us with smartphones because of imessage not being open with other multiplatform messaging apps this weirdly only applies in the states the rest of the world favours things like whatsapp and facebook messenger both owned by meta which is its own issue thats probably the main defence apple will bring up theyve been in trouble before but dont forget about microsoft windows 11 has seen them go back to some of their old tricks like a favouring their own software and making it difficult to remove this kind of got glossed over but although google play takes the same cut for purchases as apple you are free to install other app stores and install apps from wherever you like so they avoid the heat there google play is still the most preferred store on android phones so google likely takes advantage of that fact in promoting its own software,neutral,points that were missed apple arguably has a specific monopoly in the us with smartphones because of imessage not being open with other multiplatform messaging applications this weirdly only applies in the states the rest of the world favours things like whatsapp and facebook messenger both owned by meta which is its own issue that is probably the main defence apple will bring up they have been in trouble before but do not forget about microsoft windows 11 has seen them go back to some of their old tricks like a favouring their own software and making it difficult to remove this kind of got glossed over but although google play takes the same cut for purchases as apple you are free to install other application stores and install applications from wherever you like so they avoid the heat there google play is still the most preferred store on android phones so google likely takes advantage of that fact in promoting its own software,"['points', 'that', 'were', 'missed', 'apple', 'arguably', 'has', 'a', 'specific', 'monopoly', 'in', 'the', 'us', 'with', 'smartphones', 'because', 'of', 'imessage', 'not', 'being', 'open', 'with', 'other', 'multiplatform', 'messaging', 'applications', 'this', 'weirdly', 'only', 'applies', 'in', 'the', 'states', 'the', 'rest', 'of', 'the', 'world', 'favours', 'things', 'like', 'whatsapp', 'and', 'facebook', 'messenger', 'both', 'owned', 'by', 'meta', 'which', 'is', 'its', 'own', 'issue', 'that', 'is', 'probably', 'the', 'main', 'defence', 'apple', 'will', 'bring', 'up', 'they', 'have', 'been', 'in', 'trouble', 'before', 'but', 'do', 'not', 'forget', 'about', 'microsoft', 'windows', '11', 'has', 'seen', 'them', 'go', 'back', 'to', 'some', 'of', 'their', 'old', 'tricks', 'like', 'a', 'favouring', 'their', 'own', 'software', 'and', 'making', 'it', 'difficult', 'to', 'remove', 'this', 'kind', 'of', 'got', 'glossed', 'over', 'but', 'although', 'google', 'play', 'takes', 'the', 'same', 'cut', 'for', 'purchases', 'as', 'apple', 'you', 'are', 'free', 'to', 'install', 'other', 'application', 'stores', 'and', 'install', 'applications', 'from', 'wherever', 'you', 'like', 'so', 'they', 'avoid', 'the', 'heat', 'there', 'google', 'play', 'is', 'still', 'the', 'most', 'preferred', 'store', 'on', 'android', 'phones', 'so', 'google', 'likely', 'takes', 'advantage', 'of', 'that', 'fact', 'in', 'promoting', 'its', 'own', 'software']","['points', 'missed', 'apple', 'arguably', 'specific', 'monopoly', 'us', 'smartphones', 'imessage', 'open', 'multiplatform', 'messaging', 'applications', 'weirdly', 'applies', 'states', 'rest', 'world', 'favours', 'whatsapp', 'facebook', 'messenger', 'owned', 'meta', 'issue', 'probably', 'main', 'defence', 'apple', 'bring', 'trouble', 'forget', 'microsoft', 'windows', '11', 'go', 'back', 'old', 'tricks', 'favouring', 'software', 'making', 'difficult', 'remove', 'kind', 'glossed', 'although', 'google', 'play', 'takes', 'cut', 'purchases', 'apple', 'free', 'install', 'application', 'stores', 'install', 'applications', 'wherever', 'avoid', 'heat', 'google', 'play', 'still', 'preferred', 'store', 'android', 'phones', 'google', 'likely', 'takes', 'advantage', 'fact', 'promoting', 'software']","['point', 'miss', 'appl', 'arguabl', 'specif', 'monopoli', 'us', 'smartphon', 'imessag', 'open', 'multiplatform', 'messag', 'applic', 'weirdli', 'appli', 'state', 'rest', 'world', 'favour', 'whatsapp', 'facebook', 'messeng', 'own', 'meta', 'issu', 'probabl', 'main', 'defenc', 'appl', 'bring', 'troubl', 'forget', 'microsoft', 'window', '11', 'go', 'back', 'old', 'trick', 'favour', 'softwar', 'make', 'difficult', 'remov', 'kind', 'gloss', 'although', 'googl', 'play', 'take', 'cut', 'purchas', 'appl', 'free', 'instal', 'applic', 'store', 'instal', 'applic', 'wherev', 'avoid', 'heat', 'googl', 'play', 'still', 'prefer', 'store', 'android', 'phone', 'googl', 'like', 'take', 'advantag', 'fact', 'promot', 'softwar']","['point', 'miss', 'apple', 'arguably', 'specific', 'monopoly', 'u', 'smartphones', 'imessage', 'open', 'multiplatform', 'messaging', 'application', 'weirdly', 'applies', 'state', 'rest', 'world', 'favour', 'whatsapp', 'facebook', 'messenger', 'own', 'meta', 'issue', 'probably', 'main', 'defence', 'apple', 'bring', 'trouble', 'forget', 'microsoft', 'windows', '11', 'go', 'back', 'old', 'trick', 'favour', 'software', 'make', 'difficult', 'remove', 'kind', 'gloss', 'although', 'google', 'play', 'take', 'cut', 'purchase', 'apple', 'free', 'install', 'application', 'store', 'install', 'application', 'wherever', 'avoid', 'heat', 'google', 'play', 'still', 'prefer', 'store', 'android', 'phone', 'google', 'likely', 'take', 'advantage', 'fact', 'promote', 'software']",point miss apple arguably specific monopoly u smartphones imessage open multiplatform messaging application weirdly applies state rest world favour whatsapp facebook messenger own meta issue probably main defence apple bring trouble forget microsoft windows 11 go back old trick favour software make difficult remove kind gloss although google play take cut purchase apple free install application store install application wherever avoid heat google play still prefer store android phone google likely take advantage fact promote software
hey hey just a heads up i did turn the led hoodie on its just not very bright hen youre looking faceon at it you can still sort of see it on around the hood area though  if you had fun on this video heres my collection of extreme unboxing videos,positive,hey hey just a heads up i did turn the led hoodie on its just not very bright hen youre looking faceon at it you can still sort of see it on around the hood area though if you had fun on this video here is my collection of extreme unboxing videos,"['hey', 'hey', 'just', 'a', 'heads', 'up', 'i', 'did', 'turn', 'the', 'led', 'hoodie', 'on', 'its', 'just', 'not', 'very', 'bright', 'hen', 'youre', 'looking', 'faceon', 'at', 'it', 'you', 'can', 'still', 'sort', 'of', 'see', 'it', 'on', 'around', 'the', 'hood', 'area', 'though', 'if', 'you', 'had', 'fun', 'on', 'this', 'video', 'here', 'is', 'my', 'collection', 'of', 'extreme', 'unboxing', 'videos']","['hey', 'hey', 'heads', 'turn', 'led', 'hoodie', 'bright', 'hen', 'youre', 'looking', 'faceon', 'still', 'sort', 'around', 'hood', 'area', 'though', 'fun', 'collection', 'extreme', 'unboxing', 'videos']","['hey', 'hey', 'head', 'turn', 'led', 'hoodi', 'bright', 'hen', 'your', 'look', 'faceon', 'still', 'sort', 'around', 'hood', 'area', 'though', 'fun', 'collect', 'extrem', 'unbox', 'video']","['hey', 'hey', 'head', 'turn', 'lead', 'hoodie', 'bright', 'hen', 'youre', 'look', 'faceon', 'still', 'sort', 'around', 'hood', 'area', 'though', 'fun', 'collection', 'extreme', 'unbox', 'video']",hey hey head turn lead hoodie bright hen youre look faceon still sort around hood area though fun collection extreme unbox video
the safety belt wouldve paired perfectly with the unicycle and those roller boot things,positive,the safety belt wouldve paired perfectly with the unicycle and those roller boot things,"['the', 'safety', 'belt', 'wouldve', 'paired', 'perfectly', 'with', 'the', 'unicycle', 'and', 'those', 'roller', 'boot', 'things']","['safety', 'belt', 'wouldve', 'paired', 'perfectly', 'unicycle', 'roller', 'boot']","['safeti', 'belt', 'wouldv', 'pair', 'perfectli', 'unicycl', 'roller', 'boot']","['safety', 'belt', 'wouldve', 'pair', 'perfectly', 'unicycle', 'roller', 'boot']",safety belt wouldve pair perfectly unicycle roller boot
that was seriously the most enjoyable thing ive seen in awhile i forgot how rad this channel is well done sir,positive,that was seriously the most enjoyable thing i have seen in awhile i forgot how rad this channel is well done sir,"['that', 'was', 'seriously', 'the', 'most', 'enjoyable', 'thing', 'i', 'have', 'seen', 'in', 'awhile', 'i', 'forgot', 'how', 'rad', 'this', 'channel', 'is', 'well', 'done', 'sir']","['seriously', 'enjoyable', 'awhile', 'forgot', 'rad', 'done', 'sir']","['serious', 'enjoy', 'awhil', 'forgot', 'rad', 'done', 'sir']","['seriously', 'enjoyable', 'awhile', 'forget', 'rad', 'do', 'sir']",seriously enjoyable awhile forget rad do sir
dude i love how genuine your reactions were ive had fun watching this and not only i was really interested to see what each one of those gadgets did,positive,dude i love how genuine your reactions were i have had fun watching this and not only i was really interested to see what each one of those gadgets did,"['dude', 'i', 'love', 'how', 'genuine', 'your', 'reactions', 'were', 'i', 'have', 'had', 'fun', 'watching', 'this', 'and', 'not', 'only', 'i', 'was', 'really', 'interested', 'to', 'see', 'what', 'each', 'one', 'of', 'those', 'gadgets', 'did']","['dude', 'love', 'genuine', 'reactions', 'fun', 'watching', 'interested', 'gadgets']","['dude', 'love', 'genuin', 'reaction', 'fun', 'watch', 'interest', 'gadget']","['dude', 'love', 'genuine', 'reaction', 'fun', 'watch', 'interested', 'gadget']",dude love genuine reaction fun watch interested gadget
infinity dodecahedrons are seriously cool i bought another smaller one and i really enjoy it its definitely an eye catcher and a conversation starter,positive,infinity dodecahedrons are seriously cool i bought another smaller one and i really enjoy it its definitely an eye catcher and a conversation starter,"['infinity', 'dodecahedrons', 'are', 'seriously', 'cool', 'i', 'bought', 'another', 'smaller', 'one', 'and', 'i', 'really', 'enjoy', 'it', 'its', 'definitely', 'an', 'eye', 'catcher', 'and', 'a', 'conversation', 'starter']","['infinity', 'dodecahedrons', 'seriously', 'cool', 'bought', 'another', 'smaller', 'enjoy', 'definitely', 'eye', 'catcher', 'conversation', 'starter']","['infin', 'dodecahedron', 'serious', 'cool', 'bought', 'anoth', 'smaller', 'enjoy', 'definit', 'eye', 'catcher', 'convers', 'starter']","['infinity', 'dodecahedron', 'seriously', 'cool', 'buy', 'another', 'small', 'enjoy', 'definitely', 'eye', 'catcher', 'conversation', 'starter']",infinity dodecahedron seriously cool buy another small enjoy definitely eye catcher conversation starter
i personally enjoy the old school phones i have such a hard time hearing my iphone at max volume without the speaker on if i worked in an office i would definitely buy one people forget how ergonomic those old phones are its not particularly comfortable holding a rectangle to your head i also have physically sensitive ears so any type of headphones ear phones whatever cause me a bunch of pain looks like a good product that can both be a gag and something for people out there like me who have a tough time using a regular mobile phone,positive,i personally enjoy the old school phones i have such a hard time hearing my iphone at max volume without the speaker on if i worked in an office i would definitely buy one people forget how ergonomic those old phones are its not particularly comfortable holding a rectangle to your head i also have physically sensitive ears so any type of headphones ear phones whatever because me a bunch of pain looks like a good product that can both be a gag and something for people out there like me who have a tough time using a regular mobile phone,"['i', 'personally', 'enjoy', 'the', 'old', 'school', 'phones', 'i', 'have', 'such', 'a', 'hard', 'time', 'hearing', 'my', 'iphone', 'at', 'max', 'volume', 'without', 'the', 'speaker', 'on', 'if', 'i', 'worked', 'in', 'an', 'office', 'i', 'would', 'definitely', 'buy', 'one', 'people', 'forget', 'how', 'ergonomic', 'those', 'old', 'phones', 'are', 'its', 'not', 'particularly', 'comfortable', 'holding', 'a', 'rectangle', 'to', 'your', 'head', 'i', 'also', 'have', 'physically', 'sensitive', 'ears', 'so', 'any', 'type', 'of', 'headphones', 'ear', 'phones', 'whatever', 'because', 'me', 'a', 'bunch', 'of', 'pain', 'looks', 'like', 'a', 'good', 'product', 'that', 'can', 'both', 'be', 'a', 'gag', 'and', 'something', 'for', 'people', 'out', 'there', 'like', 'me', 'who', 'have', 'a', 'tough', 'time', 'using', 'a', 'regular', 'mobile', 'phone']","['personally', 'enjoy', 'old', 'school', 'phones', 'hard', 'time', 'hearing', 'iphone', 'max', 'volume', 'without', 'speaker', 'worked', 'office', 'definitely', 'buy', 'people', 'forget', 'ergonomic', 'old', 'phones', 'particularly', 'comfortable', 'holding', 'rectangle', 'head', 'physically', 'sensitive', 'ears', 'type', 'headphones', 'ear', 'phones', 'whatever', 'bunch', 'pain', 'looks', 'product', 'gag', 'something', 'people', 'tough', 'time', 'using', 'regular', 'mobile', 'phone']","['person', 'enjoy', 'old', 'school', 'phone', 'hard', 'time', 'hear', 'iphon', 'max', 'volum', 'without', 'speaker', 'work', 'offic', 'definit', 'buy', 'peopl', 'forget', 'ergonom', 'old', 'phone', 'particularli', 'comfort', 'hold', 'rectangl', 'head', 'physic', 'sensit', 'ear', 'type', 'headphon', 'ear', 'phone', 'whatev', 'bunch', 'pain', 'look', 'product', 'gag', 'someth', 'peopl', 'tough', 'time', 'use', 'regular', 'mobil', 'phone']","['personally', 'enjoy', 'old', 'school', 'phone', 'hard', 'time', 'hear', 'iphone', 'max', 'volume', 'without', 'speaker', 'work', 'office', 'definitely', 'buy', 'people', 'forget', 'ergonomic', 'old', 'phone', 'particularly', 'comfortable', 'hold', 'rectangle', 'head', 'physically', 'sensitive', 'ear', 'type', 'headphone', 'ear', 'phone', 'whatever', 'bunch', 'pain', 'looks', 'product', 'gag', 'something', 'people', 'tough', 'time', 'use', 'regular', 'mobile', 'phone']",personally enjoy old school phone hard time hear iphone max volume without speaker work office definitely buy people forget ergonomic old phone particularly comfortable hold rectangle head physically sensitive ear type headphone ear phone whatever bunch pain looks product gag something people tough time use regular mobile phone
the fact he didnt buy the nicholas cage spoon is outrageous,negative,the fact he did not buy the nicholas cage spoon is outrageous,"['the', 'fact', 'he', 'did', 'not', 'buy', 'the', 'nicholas', 'cage', 'spoon', 'is', 'outrageous']","['fact', 'buy', 'nicholas', 'cage', 'spoon', 'outrageous']","['fact', 'buy', 'nichola', 'cage', 'spoon', 'outrag']","['fact', 'buy', 'nicholas', 'cage', 'spoon', 'outrageous']",fact buy nicholas cage spoon outrageous
i have to say it after watching this video it feels like the journey youre on this year has been effective it simply feels like youre enjoying life and its what i enjoy most about watching your videos you manage to pass that joy on just the musings of a random stranger ,positive,i have to say it after watching this video it feels like the journey youre on this year has been effective it simply feels like youre enjoying life and its what i enjoy most about watching your videos you manage to pass that joy on just the musings of a random stranger,"['i', 'have', 'to', 'say', 'it', 'after', 'watching', 'this', 'video', 'it', 'feels', 'like', 'the', 'journey', 'youre', 'on', 'this', 'year', 'has', 'been', 'effective', 'it', 'simply', 'feels', 'like', 'youre', 'enjoying', 'life', 'and', 'its', 'what', 'i', 'enjoy', 'most', 'about', 'watching', 'your', 'videos', 'you', 'manage', 'to', 'pass', 'that', 'joy', 'on', 'just', 'the', 'musings', 'of', 'a', 'random', 'stranger']","['say', 'watching', 'feels', 'journey', 'youre', 'year', 'effective', 'simply', 'feels', 'youre', 'enjoying', 'life', 'enjoy', 'watching', 'videos', 'manage', 'pass', 'joy', 'musings', 'random', 'stranger']","['say', 'watch', 'feel', 'journey', 'your', 'year', 'effect', 'simpli', 'feel', 'your', 'enjoy', 'life', 'enjoy', 'watch', 'video', 'manag', 'pass', 'joy', 'muse', 'random', 'stranger']","['say', 'watch', 'feel', 'journey', 'youre', 'year', 'effective', 'simply', 'feels', 'youre', 'enjoy', 'life', 'enjoy', 'watch', 'videos', 'manage', 'pas', 'joy', 'musing', 'random', 'stranger']",say watch feel journey youre year effective simply feels youre enjoy life enjoy watch videos manage pas joy musing random stranger
i havent laughed like this for years oh my gosh arun youve nailed this one wendi ,positive,i have not laughed like this for years oh my gosh arun you have nailed this one wendi,"['i', 'have', 'not', 'laughed', 'like', 'this', 'for', 'years', 'oh', 'my', 'gosh', 'arun', 'you', 'have', 'nailed', 'this', 'one', 'wendi']","['laughed', 'years', 'oh', 'gosh', 'arun', 'nailed', 'wendi']","['laugh', 'year', 'oh', 'gosh', 'arun', 'nail', 'wendi']","['laughed', 'year', 'oh', 'gosh', 'arun', 'nail', 'wendi']",laughed year oh gosh arun nail wendi
quality quality quality is everything about this channel arun makes my mood happier video after video lets be searious the best part about this channel is arun making his jokes and when he shows tech,positive,quality quality quality is everything about this channel arun makes my mood happier video after video let us be searious the best part about this channel is arun making his jokes and when he shows technology,"['quality', 'quality', 'quality', 'is', 'everything', 'about', 'this', 'channel', 'arun', 'makes', 'my', 'mood', 'happier', 'video', 'after', 'video', 'let', 'us', 'be', 'searious', 'the', 'best', 'part', 'about', 'this', 'channel', 'is', 'arun', 'making', 'his', 'jokes', 'and', 'when', 'he', 'shows', 'technology']","['quality', 'quality', 'quality', 'everything', 'arun', 'makes', 'mood', 'happier', 'let', 'us', 'searious', 'best', 'part', 'arun', 'making', 'jokes', 'shows', 'technology']","['qualiti', 'qualiti', 'qualiti', 'everyth', 'arun', 'make', 'mood', 'happier', 'let', 'us', 'seariou', 'best', 'part', 'arun', 'make', 'joke', 'show', 'technolog']","['quality', 'quality', 'quality', 'everything', 'arun', 'make', 'mood', 'happy', 'let', 'u', 'searious', 'best', 'part', 'arun', 'making', 'joke', 'show', 'technology']",quality quality quality everything arun make mood happy let u searious best part arun making joke show technology
15 spin launch 015 14 graphene 159 13 gps 3 333 12 floating farms 453 11 edge computing 621 10 selfhealing concrete 811 9 hydrogen fuel cells 936 8 satellite constellations 1102 7 gpt3 1217 6 connected homes 1333 5 lithium metal battery 1446 4 3d printing 1559 3 blockchain 1714 2 fighting fire with sound 1827 1 quantum computing 1939,neutral,15 spin launch 015 14 graphene 159 13 gps 3 333 12 floating farms 453 11 edge computing 621 10 selfhealing concrete 811 9 hydrogen fuel cells 936 8 satellite constellations 1102 7 gpt3 1217 6 connected homes 1333 5 lithium metal battery 1446 4 3d printing 1559 3 blockchain 1714 2 fighting fire with sound 1827 1 quantum computing 1939,"['15', 'spin', 'launch', '015', '14', 'graphene', '159', '13', 'gps', '3', '333', '12', 'floating', 'farms', '453', '11', 'edge', 'computing', '621', '10', 'selfhealing', 'concrete', '811', '9', 'hydrogen', 'fuel', 'cells', '936', '8', 'satellite', 'constellations', '1102', '7', 'gpt3', '1217', '6', 'connected', 'homes', '1333', '5', 'lithium', 'metal', 'battery', '1446', '4', '3d', 'printing', '1559', '3', 'blockchain', '1714', '2', 'fighting', 'fire', 'with', 'sound', '1827', '1', 'quantum', 'computing', '1939']","['15', 'spin', 'launch', '015', '14', 'graphene', '159', '13', 'gps', '333', '12', 'floating', 'farms', '453', '11', 'edge', 'computing', '621', '10', 'selfhealing', 'concrete', '811', 'hydrogen', 'fuel', 'cells', '936', 'satellite', 'constellations', '1102', 'gpt3', '1217', 'connected', 'homes', '1333', 'lithium', 'metal', 'battery', '1446', '3d', 'printing', '1559', 'blockchain', '1714', 'fighting', 'fire', 'sound', '1827', 'quantum', 'computing', '1939']","['15', 'spin', 'launch', '015', '14', 'graphen', '159', '13', 'gp', '333', '12', 'float', 'farm', '453', '11', 'edg', 'comput', '621', '10', 'selfheal', 'concret', '811', 'hydrogen', 'fuel', 'cell', '936', 'satellit', 'constel', '1102', 'gpt3', '1217', 'connect', 'home', '1333', 'lithium', 'metal', 'batteri', '1446', '3d', 'print', '1559', 'blockchain', '1714', 'fight', 'fire', 'sound', '1827', 'quantum', 'comput', '1939']","['15', 'spin', 'launch', '015', '14', 'graphene', '159', '13', 'gps', '333', '12', 'floating', 'farm', '453', '11', 'edge', 'compute', '621', '10', 'selfhealing', 'concrete', '811', 'hydrogen', 'fuel', 'cell', '936', 'satellite', 'constellation', '1102', 'gpt3', '1217', 'connect', 'home', '1333', 'lithium', 'metal', 'battery', '1446', '3d', 'printing', '1559', 'blockchain', '1714', 'fight', 'fire', 'sound', '1827', 'quantum', 'compute', '1939']",15 spin launch 015 14 graphene 159 13 gps 333 12 floating farm 453 11 edge compute 621 10 selfhealing concrete 811 hydrogen fuel cell 936 satellite constellation 1102 gpt3 1217 connect home 1333 lithium metal battery 1446 3d printing 1559 blockchain 1714 fight fire sound 1827 quantum compute 1939
if machines produce everything we need the outcome will depend on how things are distributed everyone can enjoy a life of luxurious leisure if the machineproduced wealth is shared or most people can end up miserably poor if the machineowners successfully lobby against wealth redistribution so far the trend seems to be toward the second option with technology driving everincreasing inequality stephen hawking,neutral,if machines produce everything we need the outcome will depend on how things are distributed everyone can enjoy a life of luxurious leisure if the machineproduced wealth is shared or most people can end up miserably poor if the machineowners successfully lobby against wealth redistribution so far the trend seems to be toward the second option with technology driving everincreasing inequality stephen hawking,"['if', 'machines', 'produce', 'everything', 'we', 'need', 'the', 'outcome', 'will', 'depend', 'on', 'how', 'things', 'are', 'distributed', 'everyone', 'can', 'enjoy', 'a', 'life', 'of', 'luxurious', 'leisure', 'if', 'the', 'machineproduced', 'wealth', 'is', 'shared', 'or', 'most', 'people', 'can', 'end', 'up', 'miserably', 'poor', 'if', 'the', 'machineowners', 'successfully', 'lobby', 'against', 'wealth', 'redistribution', 'so', 'far', 'the', 'trend', 'seems', 'to', 'be', 'toward', 'the', 'second', 'option', 'with', 'technology', 'driving', 'everincreasing', 'inequality', 'stephen', 'hawking']","['machines', 'produce', 'everything', 'need', 'outcome', 'depend', 'distributed', 'everyone', 'enjoy', 'life', 'luxurious', 'leisure', 'machineproduced', 'wealth', 'shared', 'people', 'end', 'miserably', 'poor', 'machineowners', 'successfully', 'lobby', 'wealth', 'redistribution', 'far', 'trend', 'seems', 'toward', 'second', 'option', 'technology', 'driving', 'everincreasing', 'inequality', 'stephen', 'hawking']","['machin', 'produc', 'everyth', 'need', 'outcom', 'depend', 'distribut', 'everyon', 'enjoy', 'life', 'luxuri', 'leisur', 'machineproduc', 'wealth', 'share', 'peopl', 'end', 'miser', 'poor', 'machineown', 'success', 'lobbi', 'wealth', 'redistribut', 'far', 'trend', 'seem', 'toward', 'second', 'option', 'technolog', 'drive', 'everincreas', 'inequ', 'stephen', 'hawk']","['machine', 'produce', 'everything', 'need', 'outcome', 'depend', 'distribute', 'everyone', 'enjoy', 'life', 'luxurious', 'leisure', 'machineproduced', 'wealth', 'share', 'people', 'end', 'miserably', 'poor', 'machineowners', 'successfully', 'lobby', 'wealth', 'redistribution', 'far', 'trend', 'seem', 'toward', 'second', 'option', 'technology', 'drive', 'everincreasing', 'inequality', 'stephen', 'hawk']",machine produce everything need outcome depend distribute everyone enjoy life luxurious leisure machineproduced wealth share people end miserably poor machineowners successfully lobby wealth redistribution far trend seem toward second option technology drive everincreasing inequality stephen hawk
as somebody with a comp sci degree and a decent amount of irl experience i will say edge computing is problematic at its core because client side workload like this is a huge security breach this is why even online video games avoid client side scripting it is a huge vector for exploit it is always interesting to watch a video like this because you are blown away when you listen regarding these other technologies you may not know allot about but when they cover a technology you know about you realize you must question the quality of the info in the other cases where you cannot determine the quality yourself,negative,as somebody with a comp sci degree and a decent amount of irl experience i will say edge computing is problematic at its core because client side workload like this is a huge security breach this is why even online video games avoid client side scripting it is a huge vector for exploit it is always interesting to watch a video like this because you are blown away when you listen regarding these other technologies you may not know allot about but when they cover a technology you know about you realize you must question the quality of the information in the other cases where you cannot determine the quality yourself,"['as', 'somebody', 'with', 'a', 'comp', 'sci', 'degree', 'and', 'a', 'decent', 'amount', 'of', 'irl', 'experience', 'i', 'will', 'say', 'edge', 'computing', 'is', 'problematic', 'at', 'its', 'core', 'because', 'client', 'side', 'workload', 'like', 'this', 'is', 'a', 'huge', 'security', 'breach', 'this', 'is', 'why', 'even', 'online', 'video', 'games', 'avoid', 'client', 'side', 'scripting', 'it', 'is', 'a', 'huge', 'vector', 'for', 'exploit', 'it', 'is', 'always', 'interesting', 'to', 'watch', 'a', 'video', 'like', 'this', 'because', 'you', 'are', 'blown', 'away', 'when', 'you', 'listen', 'regarding', 'these', 'other', 'technologies', 'you', 'may', 'not', 'know', 'allot', 'about', 'but', 'when', 'they', 'cover', 'a', 'technology', 'you', 'know', 'about', 'you', 'realize', 'you', 'must', 'question', 'the', 'quality', 'of', 'the', 'information', 'in', 'the', 'other', 'cases', 'where', 'you', 'can', 'not', 'determine', 'the', 'quality', 'yourself']","['somebody', 'comp', 'sci', 'degree', 'decent', 'amount', 'irl', 'experience', 'say', 'edge', 'computing', 'problematic', 'core', 'client', 'side', 'workload', 'huge', 'security', 'breach', 'online', 'games', 'avoid', 'client', 'side', 'scripting', 'huge', 'vector', 'exploit', 'always', 'interesting', 'watch', 'blown', 'away', 'listen', 'regarding', 'technologies', 'may', 'allot', 'cover', 'technology', 'realize', 'must', 'question', 'quality', 'information', 'cases', 'determine', 'quality']","['somebodi', 'comp', 'sci', 'degre', 'decent', 'amount', 'irl', 'experi', 'say', 'edg', 'comput', 'problemat', 'core', 'client', 'side', 'workload', 'huge', 'secur', 'breach', 'onlin', 'game', 'avoid', 'client', 'side', 'script', 'huge', 'vector', 'exploit', 'alway', 'interest', 'watch', 'blown', 'away', 'listen', 'regard', 'technolog', 'may', 'allot', 'cover', 'technolog', 'realiz', 'must', 'question', 'qualiti', 'inform', 'case', 'determin', 'qualiti']","['somebody', 'comp', 'sci', 'degree', 'decent', 'amount', 'irl', 'experience', 'say', 'edge', 'compute', 'problematic', 'core', 'client', 'side', 'workload', 'huge', 'security', 'breach', 'online', 'game', 'avoid', 'client', 'side', 'script', 'huge', 'vector', 'exploit', 'always', 'interesting', 'watch', 'blow', 'away', 'listen', 'regard', 'technology', 'may', 'allot', 'cover', 'technology', 'realize', 'must', 'question', 'quality', 'information', 'case', 'determine', 'quality']",somebody comp sci degree decent amount irl experience say edge compute problematic core client side workload huge security breach online game avoid client side script huge vector exploit always interesting watch blow away listen regard technology may allot cover technology realize must question quality information case determine quality
715 edge of the cloud 930 hydrogen fuel cell 1100 star link 1245 ai gpt 3 14 50 lithium ion battery 1720 block chain 1950 quantum computing,neutral,715 edge of the cloud 930 hydrogen fuel cell 1100 star link 1245 ai gpt 3 14 50 lithium ion battery 1720 block chain 1950 quantum computing,"['715', 'edge', 'of', 'the', 'cloud', '930', 'hydrogen', 'fuel', 'cell', '1100', 'star', 'link', '1245', 'ai', 'gpt', '3', '14', '50', 'lithium', 'ion', 'battery', '1720', 'block', 'chain', '1950', 'quantum', 'computing']","['715', 'edge', 'cloud', '930', 'hydrogen', 'fuel', 'cell', '1100', 'star', 'link', '1245', 'ai', 'gpt', '14', '50', 'lithium', 'ion', 'battery', '1720', 'block', 'chain', '1950', 'quantum', 'computing']","['715', 'edg', 'cloud', '930', 'hydrogen', 'fuel', 'cell', '1100', 'star', 'link', '1245', 'ai', 'gpt', '14', '50', 'lithium', 'ion', 'batteri', '1720', 'block', 'chain', '1950', 'quantum', 'comput']","['715', 'edge', 'cloud', '930', 'hydrogen', 'fuel', 'cell', '1100', 'star', 'link', '1245', 'ai', 'gpt', '14', '50', 'lithium', 'ion', 'battery', '1720', 'block', 'chain', '1950', 'quantum', 'compute']",715 edge cloud 930 hydrogen fuel cell 1100 star link 1245 ai gpt 14 50 lithium ion battery 1720 block chain 1950 quantum compute
selfhealing concrete is on paper a really good idea there is just one small problem with it and comes from the fact that we are not using limestone for buildings as limestone has this one tiny problem with being rather frail yes it will make the concrete last a big longer but it will also make it harder to see where the weaknesses of the structure is and only really postpone the disaster if at all,neutral,selfhealing concrete is on paper a really good idea there is just one small problem with it and comes from the fact that we are not using limestone for buildings as limestone has this one tiny problem with being rather frail yes it will make the concrete last a big longer but it will also make it harder to see where the weaknesses of the structure is and only really postpone the disaster if at all,"['selfhealing', 'concrete', 'is', 'on', 'paper', 'a', 'really', 'good', 'idea', 'there', 'is', 'just', 'one', 'small', 'problem', 'with', 'it', 'and', 'comes', 'from', 'the', 'fact', 'that', 'we', 'are', 'not', 'using', 'limestone', 'for', 'buildings', 'as', 'limestone', 'has', 'this', 'one', 'tiny', 'problem', 'with', 'being', 'rather', 'frail', 'yes', 'it', 'will', 'make', 'the', 'concrete', 'last', 'a', 'big', 'longer', 'but', 'it', 'will', 'also', 'make', 'it', 'harder', 'to', 'see', 'where', 'the', 'weaknesses', 'of', 'the', 'structure', 'is', 'and', 'only', 'really', 'postpone', 'the', 'disaster', 'if', 'at', 'all']","['selfhealing', 'concrete', 'paper', 'idea', 'small', 'problem', 'comes', 'fact', 'using', 'limestone', 'buildings', 'limestone', 'tiny', 'problem', 'rather', 'frail', 'yes', 'concrete', 'last', 'big', 'longer', 'harder', 'weaknesses', 'structure', 'postpone', 'disaster']","['selfheal', 'concret', 'paper', 'idea', 'small', 'problem', 'come', 'fact', 'use', 'limeston', 'build', 'limeston', 'tini', 'problem', 'rather', 'frail', 'ye', 'concret', 'last', 'big', 'longer', 'harder', 'weak', 'structur', 'postpon', 'disast']","['selfhealing', 'concrete', 'paper', 'idea', 'small', 'problem', 'come', 'fact', 'use', 'limestone', 'building', 'limestone', 'tiny', 'problem', 'rather', 'frail', 'yes', 'concrete', 'last', 'big', 'long', 'harder', 'weakness', 'structure', 'postpone', 'disaster']",selfhealing concrete paper idea small problem come fact use limestone building limestone tiny problem rather frail yes concrete last big long harder weakness structure postpone disaster
ive read that hydrogen can work its way through any container material in your piece about graphen it was stated that it is impermiable to gases even the lightest one assuming the narrator meant hydrogen it might be a solution to the long term storage of hydrogen perhaps,neutral,i have read that hydrogen can work its way through any container material in your piece about graphen it was stated that it is impermiable to gases even the lightest one assuming the narrator meant hydrogen it might be a solution to the long term storage of hydrogen perhaps,"['i', 'have', 'read', 'that', 'hydrogen', 'can', 'work', 'its', 'way', 'through', 'any', 'container', 'material', 'in', 'your', 'piece', 'about', 'graphen', 'it', 'was', 'stated', 'that', 'it', 'is', 'impermiable', 'to', 'gases', 'even', 'the', 'lightest', 'one', 'assuming', 'the', 'narrator', 'meant', 'hydrogen', 'it', 'might', 'be', 'a', 'solution', 'to', 'the', 'long', 'term', 'storage', 'of', 'hydrogen', 'perhaps']","['read', 'hydrogen', 'work', 'way', 'container', 'material', 'piece', 'graphen', 'stated', 'impermiable', 'gases', 'lightest', 'assuming', 'narrator', 'meant', 'hydrogen', 'might', 'solution', 'long', 'term', 'storage', 'hydrogen', 'perhaps']","['read', 'hydrogen', 'work', 'way', 'contain', 'materi', 'piec', 'graphen', 'state', 'impermi', 'gase', 'lightest', 'assum', 'narrat', 'meant', 'hydrogen', 'might', 'solut', 'long', 'term', 'storag', 'hydrogen', 'perhap']","['read', 'hydrogen', 'work', 'way', 'container', 'material', 'piece', 'graphen', 'state', 'impermiable', 'gas', 'light', 'assume', 'narrator', 'mean', 'hydrogen', 'might', 'solution', 'long', 'term', 'storage', 'hydrogen', 'perhaps']",read hydrogen work way container material piece graphen state impermiable gas light assume narrator mean hydrogen might solution long term storage hydrogen perhaps
the fire suppression without water was incredible it could save many lives and property especially if it could be auto activated like a heat detector imagine how much property and how many sleeping people could be saved especially if this had a built in alarm and was rigged to keep hallways clear of fire what an inventionwow,positive,the fire suppression without water was incredible it could save many lives and property especially if it could be auto activated like a heat detector imagine how much property and how many sleeping people could be saved especially if this had a built in alarm and was rigged to keep hallways clear of fire what an inventionwow,"['the', 'fire', 'suppression', 'without', 'water', 'was', 'incredible', 'it', 'could', 'save', 'many', 'lives', 'and', 'property', 'especially', 'if', 'it', 'could', 'be', 'auto', 'activated', 'like', 'a', 'heat', 'detector', 'imagine', 'how', 'much', 'property', 'and', 'how', 'many', 'sleeping', 'people', 'could', 'be', 'saved', 'especially', 'if', 'this', 'had', 'a', 'built', 'in', 'alarm', 'and', 'was', 'rigged', 'to', 'keep', 'hallways', 'clear', 'of', 'fire', 'what', 'an', 'inventionwow']","['fire', 'suppression', 'without', 'water', 'incredible', 'save', 'lives', 'property', 'especially', 'auto', 'activated', 'heat', 'detector', 'imagine', 'property', 'sleeping', 'people', 'saved', 'especially', 'built', 'alarm', 'rigged', 'keep', 'hallways', 'clear', 'fire', 'inventionwow']","['fire', 'suppress', 'without', 'water', 'incred', 'save', 'live', 'properti', 'especi', 'auto', 'activ', 'heat', 'detector', 'imagin', 'properti', 'sleep', 'peopl', 'save', 'especi', 'built', 'alarm', 'rig', 'keep', 'hallway', 'clear', 'fire', 'inventionwow']","['fire', 'suppression', 'without', 'water', 'incredible', 'save', 'live', 'property', 'especially', 'auto', 'activate', 'heat', 'detector', 'imagine', 'property', 'sleep', 'people', 'save', 'especially', 'build', 'alarm', 'rig', 'keep', 'hallway', 'clear', 'fire', 'inventionwow']",fire suppression without water incredible save live property especially auto activate heat detector imagine property sleep people save especially build alarm rig keep hallway clear fire inventionwow
id really appreciate a study into the potential advantages of meta materials in manipulating light emf heat and even replacing silicon as semiconductors nearly every industry can benefit from the improvements and cost reductions meta materials can provide really enjoy your videos thank you,positive,id really appreciate a study into the potential advantages of meta materials in manipulating light emf heat and even replacing silicon as semiconductors nearly every industry can benefit from the improvements and cost reductions meta materials can provide really enjoy your videos thank you,"['id', 'really', 'appreciate', 'a', 'study', 'into', 'the', 'potential', 'advantages', 'of', 'meta', 'materials', 'in', 'manipulating', 'light', 'emf', 'heat', 'and', 'even', 'replacing', 'silicon', 'as', 'semiconductors', 'nearly', 'every', 'industry', 'can', 'benefit', 'from', 'the', 'improvements', 'and', 'cost', 'reductions', 'meta', 'materials', 'can', 'provide', 'really', 'enjoy', 'your', 'videos', 'thank', 'you']","['id', 'appreciate', 'study', 'potential', 'advantages', 'meta', 'materials', 'manipulating', 'light', 'emf', 'heat', 'replacing', 'silicon', 'semiconductors', 'nearly', 'every', 'industry', 'benefit', 'improvements', 'cost', 'reductions', 'meta', 'materials', 'provide', 'enjoy', 'videos', 'thank']","['id', 'appreci', 'studi', 'potenti', 'advantag', 'meta', 'materi', 'manipul', 'light', 'emf', 'heat', 'replac', 'silicon', 'semiconductor', 'nearli', 'everi', 'industri', 'benefit', 'improv', 'cost', 'reduct', 'meta', 'materi', 'provid', 'enjoy', 'video', 'thank']","['id', 'appreciate', 'study', 'potential', 'advantage', 'meta', 'material', 'manipulate', 'light', 'emf', 'heat', 'replace', 'silicon', 'semiconductor', 'nearly', 'every', 'industry', 'benefit', 'improvement', 'cost', 'reduction', 'meta', 'material', 'provide', 'enjoy', 'video', 'thank']",id appreciate study potential advantage meta material manipulate light emf heat replace silicon semiconductor nearly every industry benefit improvement cost reduction meta material provide enjoy video thank
i was totally shocked that fusion power generation wasnt included possibly as big a leap as quantum computing in its impact on humanity,negative,i was totally shocked that fusion power generation was not included possibly as big a leap as quantum computing in its impact on humanity,"['i', 'was', 'totally', 'shocked', 'that', 'fusion', 'power', 'generation', 'was', 'not', 'included', 'possibly', 'as', 'big', 'a', 'leap', 'as', 'quantum', 'computing', 'in', 'its', 'impact', 'on', 'humanity']","['totally', 'shocked', 'fusion', 'power', 'generation', 'included', 'possibly', 'big', 'leap', 'quantum', 'computing', 'impact', 'humanity']","['total', 'shock', 'fusion', 'power', 'gener', 'includ', 'possibl', 'big', 'leap', 'quantum', 'comput', 'impact', 'human']","['totally', 'shocked', 'fusion', 'power', 'generation', 'include', 'possibly', 'big', 'leap', 'quantum', 'compute', 'impact', 'humanity']",totally shocked fusion power generation include possibly big leap quantum compute impact humanity
i love the one about the hydrogen fuel cellsconsidering this technology has been around for about 20 yearsjust hasnt been used due to a lack of pressure on the industry and the fact that the patent was buried by large corporate interests,positive,i love the one about the hydrogen fuel cellsconsidering this technology has been around for about 20 yearsjust has not been used due to a lack of pressure on the industry and the fact that the patent was buried by large corporate interests,"['i', 'love', 'the', 'one', 'about', 'the', 'hydrogen', 'fuel', 'cellsconsidering', 'this', 'technology', 'has', 'been', 'around', 'for', 'about', '20', 'yearsjust', 'has', 'not', 'been', 'used', 'due', 'to', 'a', 'lack', 'of', 'pressure', 'on', 'the', 'industry', 'and', 'the', 'fact', 'that', 'the', 'patent', 'was', 'buried', 'by', 'large', 'corporate', 'interests']","['love', 'hydrogen', 'fuel', 'cellsconsidering', 'technology', 'around', '20', 'yearsjust', 'used', 'due', 'lack', 'pressure', 'industry', 'fact', 'patent', 'buried', 'large', 'corporate', 'interests']","['love', 'hydrogen', 'fuel', 'cellsconsid', 'technolog', 'around', '20', 'yearsjust', 'use', 'due', 'lack', 'pressur', 'industri', 'fact', 'patent', 'buri', 'larg', 'corpor', 'interest']","['love', 'hydrogen', 'fuel', 'cellsconsidering', 'technology', 'around', '20', 'yearsjust', 'use', 'due', 'lack', 'pressure', 'industry', 'fact', 'patent', 'bury', 'large', 'corporate', 'interest']",love hydrogen fuel cellsconsidering technology around 20 yearsjust use due lack pressure industry fact patent bury large corporate interest
i like the meme that says ‘if it bites you and you die it’s venomous if you bite it and you die it’s poisonous’ i actually think it sums it up pretty clearly,neutral,i like the meme that says if it bites you and you die its venomous if you bite it and you die its poisonous i actually think it sums it up pretty clearly,"['i', 'like', 'the', 'meme', 'that', 'says', 'if', 'it', 'bites', 'you', 'and', 'you', 'die', 'its', 'venomous', 'if', 'you', 'bite', 'it', 'and', 'you', 'die', 'its', 'poisonous', 'i', 'actually', 'think', 'it', 'sums', 'it', 'up', 'pretty', 'clearly']","['meme', 'says', 'bites', 'die', 'venomous', 'bite', 'die', 'poisonous', 'actually', 'sums', 'pretty', 'clearly']","['meme', 'say', 'bite', 'die', 'venom', 'bite', 'die', 'poison', 'actual', 'sum', 'pretti', 'clearli']","['meme', 'say', 'bite', 'die', 'venomous', 'bite', 'die', 'poisonous', 'actually', 'sum', 'pretty', 'clearly']",meme say bite die venomous bite die poisonous actually sum pretty clearly
i wish that when people talked about types of skin damage theyd acknowledge what that looks like for people with darker skin we dont get red rashes after sunburn even my darkest bruises are often difficult to spot because of hyperpigmentation the stages of healing for cuts looks vastly different because we dont see the same change in colors around the wound sight not to mention when you look for images to identify clinical signs 99 of those images are of lighter skin and only marginally helpful to us looking to identify potentially serious medical issues,negative,i wish that when people talked about types of skin damage theyd acknowledge what that looks like for people with darker skin we do not get red rashes after sunburn even my darkest bruises are often difficult to spot because of hyperpigmentation the stages of healing for cuts looks vastly different because we do not see the same change in colors around the wound sight not to mention when you look for images to identify clinical signs 99 of those images are of lighter skin and only marginally helpful to us looking to identify potentially serious medical issues,"['i', 'wish', 'that', 'when', 'people', 'talked', 'about', 'types', 'of', 'skin', 'damage', 'theyd', 'acknowledge', 'what', 'that', 'looks', 'like', 'for', 'people', 'with', 'darker', 'skin', 'we', 'do', 'not', 'get', 'red', 'rashes', 'after', 'sunburn', 'even', 'my', 'darkest', 'bruises', 'are', 'often', 'difficult', 'to', 'spot', 'because', 'of', 'hyperpigmentation', 'the', 'stages', 'of', 'healing', 'for', 'cuts', 'looks', 'vastly', 'different', 'because', 'we', 'do', 'not', 'see', 'the', 'same', 'change', 'in', 'colors', 'around', 'the', 'wound', 'sight', 'not', 'to', 'mention', 'when', 'you', 'look', 'for', 'images', 'to', 'identify', 'clinical', 'signs', '99', 'of', 'those', 'images', 'are', 'of', 'lighter', 'skin', 'and', 'only', 'marginally', 'helpful', 'to', 'us', 'looking', 'to', 'identify', 'potentially', 'serious', 'medical', 'issues']","['wish', 'people', 'talked', 'types', 'skin', 'damage', 'theyd', 'acknowledge', 'looks', 'people', 'darker', 'skin', 'red', 'rashes', 'sunburn', 'darkest', 'bruises', 'often', 'difficult', 'spot', 'hyperpigmentation', 'stages', 'healing', 'cuts', 'looks', 'vastly', 'different', 'change', 'colors', 'around', 'wound', 'sight', 'mention', 'look', 'images', 'identify', 'clinical', 'signs', '99', 'images', 'lighter', 'skin', 'marginally', 'helpful', 'us', 'looking', 'identify', 'potentially', 'serious', 'medical', 'issues']","['wish', 'peopl', 'talk', 'type', 'skin', 'damag', 'theyd', 'acknowledg', 'look', 'peopl', 'darker', 'skin', 'red', 'rash', 'sunburn', 'darkest', 'bruis', 'often', 'difficult', 'spot', 'hyperpigment', 'stage', 'heal', 'cut', 'look', 'vastli', 'differ', 'chang', 'color', 'around', 'wound', 'sight', 'mention', 'look', 'imag', 'identifi', 'clinic', 'sign', '99', 'imag', 'lighter', 'skin', 'margin', 'help', 'us', 'look', 'identifi', 'potenti', 'seriou', 'medic', 'issu']","['wish', 'people', 'talk', 'type', 'skin', 'damage', 'theyd', 'acknowledge', 'look', 'people', 'darker', 'skin', 'red', 'rash', 'sunburn', 'dark', 'bruise', 'often', 'difficult', 'spot', 'hyperpigmentation', 'stage', 'heal', 'cut', 'look', 'vastly', 'different', 'change', 'color', 'around', 'wound', 'sight', 'mention', 'look', 'image', 'identify', 'clinical', 'sign', '99', 'image', 'light', 'skin', 'marginally', 'helpful', 'u', 'look', 'identify', 'potentially', 'serious', 'medical', 'issue']",wish people talk type skin damage theyd acknowledge look people darker skin red rash sunburn dark bruise often difficult spot hyperpigmentation stage heal cut look vastly different change color around wound sight mention look image identify clinical sign 99 image light skin marginally helpful u look identify potentially serious medical issue
she has a very effective way of delivering information in a way that is accessible love her,positive,she has a very effective way of delivering information in a way that is accessible love her,"['she', 'has', 'a', 'very', 'effective', 'way', 'of', 'delivering', 'information', 'in', 'a', 'way', 'that', 'is', 'accessible', 'love', 'her']","['effective', 'way', 'delivering', 'information', 'way', 'accessible', 'love']","['effect', 'way', 'deliv', 'inform', 'way', 'access', 'love']","['effective', 'way', 'deliver', 'information', 'way', 'accessible', 'love']",effective way deliver information way accessible love
if the lead singer is bret michaels then im sure it is poison that had me laughing for ages ,positive,if the lead singer is bret michaels then im sure it is poison that had me laughing for ages,"['if', 'the', 'lead', 'singer', 'is', 'bret', 'michaels', 'then', 'im', 'sure', 'it', 'is', 'poison', 'that', 'had', 'me', 'laughing', 'for', 'ages']","['lead', 'singer', 'bret', 'michaels', 'im', 'sure', 'poison', 'laughing', 'ages']","['lead', 'singer', 'bret', 'michael', 'im', 'sure', 'poison', 'laugh', 'age']","['lead', 'singer', 'bret', 'michael', 'im', 'sure', 'poison', 'laughing', 'age']",lead singer bret michael im sure poison laughing age
anne is so cool she makes me want to reevaluate my life choices and return to college to become a toxicologist,positive,anne is so cool she makes me want to reevaluate my life choices and return to college to become a toxicologist,"['anne', 'is', 'so', 'cool', 'she', 'makes', 'me', 'want', 'to', 'reevaluate', 'my', 'life', 'choices', 'and', 'return', 'to', 'college', 'to', 'become', 'a', 'toxicologist']","['anne', 'cool', 'makes', 'reevaluate', 'life', 'choices', 'return', 'college', 'become', 'toxicologist']","['ann', 'cool', 'make', 'reevalu', 'life', 'choic', 'return', 'colleg', 'becom', 'toxicologist']","['anne', 'cool', 'make', 'reevaluate', 'life', 'choice', 'return', 'college', 'become', 'toxicologist']",anne cool make reevaluate life choice return college become toxicologist
poison support is one of the more interesting ones of this series im glad to see anne back in the seat and schooling us hoping for more,positive,poison support is one of the more interesting ones of this series im glad to see anne back in the seat and schooling us hoping for more,"['poison', 'support', 'is', 'one', 'of', 'the', 'more', 'interesting', 'ones', 'of', 'this', 'series', 'im', 'glad', 'to', 'see', 'anne', 'back', 'in', 'the', 'seat', 'and', 'schooling', 'us', 'hoping', 'for', 'more']","['poison', 'support', 'interesting', 'ones', 'series', 'im', 'glad', 'anne', 'back', 'seat', 'schooling', 'us', 'hoping']","['poison', 'support', 'interest', 'one', 'seri', 'im', 'glad', 'ann', 'back', 'seat', 'school', 'us', 'hope']","['poison', 'support', 'interest', 'one', 'series', 'im', 'glad', 'anne', 'back', 'seat', 'school', 'u', 'hop']",poison support interest one series im glad anne back seat school u hop
my son had botox injections in his legs for years to relax his muscles enough so he could wear splits he has cerebral palsy its crazy knowing that this life changing treatment is also the most dangerous poison,negative,my son had botox injections in his legs for years to relax his muscles enough so he could wear splits he has cerebral palsy its crazy knowing that this life changing treatment is also the most dangerous poison,"['my', 'son', 'had', 'botox', 'injections', 'in', 'his', 'legs', 'for', 'years', 'to', 'relax', 'his', 'muscles', 'enough', 'so', 'he', 'could', 'wear', 'splits', 'he', 'has', 'cerebral', 'palsy', 'its', 'crazy', 'knowing', 'that', 'this', 'life', 'changing', 'treatment', 'is', 'also', 'the', 'most', 'dangerous', 'poison']","['son', 'botox', 'injections', 'legs', 'years', 'relax', 'muscles', 'enough', 'wear', 'splits', 'cerebral', 'palsy', 'crazy', 'knowing', 'life', 'changing', 'treatment', 'dangerous', 'poison']","['son', 'botox', 'inject', 'leg', 'year', 'relax', 'muscl', 'enough', 'wear', 'split', 'cerebr', 'palsi', 'crazi', 'know', 'life', 'chang', 'treatment', 'danger', 'poison']","['son', 'botox', 'injection', 'legs', 'year', 'relax', 'muscle', 'enough', 'wear', 'split', 'cerebral', 'palsy', 'crazy', 'know', 'life', 'change', 'treatment', 'dangerous', 'poison']",son botox injection legs year relax muscle enough wear split cerebral palsy crazy know life change treatment dangerous poison
my mom wouldve gone nuts for you while i was growing up lol her big parent fear was toxic chemicals and me getting poisoned so she was always lecturing me about stuff under the sink and making sure i didnt touch the pesticides for the farm once she figured out she could call pbs and theyd send her mr yuck stickers the house and barn were covered in them,negative,my mom wouldve gone nuts for you while i was growing up lol her big parent fear was toxic chemicals and me getting poisoned so she was always lecturing me about stuff under the sink and making sure i did not touch the pesticides for the farm once she figured out she could call pbs and theyd send her mr yuck stickers the house and barn were covered in them,"['my', 'mom', 'wouldve', 'gone', 'nuts', 'for', 'you', 'while', 'i', 'was', 'growing', 'up', 'lol', 'her', 'big', 'parent', 'fear', 'was', 'toxic', 'chemicals', 'and', 'me', 'getting', 'poisoned', 'so', 'she', 'was', 'always', 'lecturing', 'me', 'about', 'stuff', 'under', 'the', 'sink', 'and', 'making', 'sure', 'i', 'did', 'not', 'touch', 'the', 'pesticides', 'for', 'the', 'farm', 'once', 'she', 'figured', 'out', 'she', 'could', 'call', 'pbs', 'and', 'theyd', 'send', 'her', 'mr', 'yuck', 'stickers', 'the', 'house', 'and', 'barn', 'were', 'covered', 'in', 'them']","['mom', 'wouldve', 'gone', 'nuts', 'growing', 'lol', 'big', 'parent', 'fear', 'toxic', 'chemicals', 'getting', 'poisoned', 'always', 'lecturing', 'stuff', 'sink', 'making', 'sure', 'touch', 'pesticides', 'farm', 'figured', 'call', 'pbs', 'theyd', 'send', 'mr', 'yuck', 'stickers', 'house', 'barn', 'covered']","['mom', 'wouldv', 'gone', 'nut', 'grow', 'lol', 'big', 'parent', 'fear', 'toxic', 'chemic', 'get', 'poison', 'alway', 'lectur', 'stuff', 'sink', 'make', 'sure', 'touch', 'pesticid', 'farm', 'figur', 'call', 'pb', 'theyd', 'send', 'mr', 'yuck', 'sticker', 'hous', 'barn', 'cover']","['mom', 'wouldve', 'go', 'nuts', 'grow', 'lol', 'big', 'parent', 'fear', 'toxic', 'chemical', 'get', 'poison', 'always', 'lecture', 'stuff', 'sink', 'make', 'sure', 'touch', 'pesticide', 'farm', 'figure', 'call', 'pb', 'theyd', 'send', 'mr', 'yuck', 'sticker', 'house', 'barn', 'cover']",mom wouldve go nuts grow lol big parent fear toxic chemical get poison always lecture stuff sink make sure touch pesticide farm figure call pb theyd send mr yuck sticker house barn cover
i love how she says that it is poison in the right dose instead of the wrong dose,positive,i love how she says that it is poison in the right dose instead of the wrong dose,"['i', 'love', 'how', 'she', 'says', 'that', 'it', 'is', 'poison', 'in', 'the', 'right', 'dose', 'instead', 'of', 'the', 'wrong', 'dose']","['love', 'says', 'poison', 'right', 'dose', 'instead', 'wrong', 'dose']","['love', 'say', 'poison', 'right', 'dose', 'instead', 'wrong', 'dose']","['love', 'say', 'poison', 'right', 'dose', 'instead', 'wrong', 'dose']",love say poison right dose instead wrong dose
my husband got sun poisoning last year all the symptoms you described it was not fun he said his sick were he got burned felt tight for a few months after luckily he is a nurse and he was able to give me advice on how to help him in his recovery,negative,my husband got sun poisoning last year all the symptoms you described it was not fun he said his sick were he got burned felt tight for a few months after luckily he is a nurse and he was able to give me advice on how to help him in his recovery,"['my', 'husband', 'got', 'sun', 'poisoning', 'last', 'year', 'all', 'the', 'symptoms', 'you', 'described', 'it', 'was', 'not', 'fun', 'he', 'said', 'his', 'sick', 'were', 'he', 'got', 'burned', 'felt', 'tight', 'for', 'a', 'few', 'months', 'after', 'luckily', 'he', 'is', 'a', 'nurse', 'and', 'he', 'was', 'able', 'to', 'give', 'me', 'advice', 'on', 'how', 'to', 'help', 'him', 'in', 'his', 'recovery']","['husband', 'sun', 'poisoning', 'last', 'year', 'symptoms', 'described', 'fun', 'said', 'sick', 'burned', 'felt', 'tight', 'months', 'luckily', 'nurse', 'able', 'give', 'advice', 'help', 'recovery']","['husband', 'sun', 'poison', 'last', 'year', 'symptom', 'describ', 'fun', 'said', 'sick', 'burn', 'felt', 'tight', 'month', 'luckili', 'nurs', 'abl', 'give', 'advic', 'help', 'recoveri']","['husband', 'sun', 'poisoning', 'last', 'year', 'symptom', 'describe', 'fun', 'say', 'sick', 'burn', 'felt', 'tight', 'month', 'luckily', 'nurse', 'able', 'give', 'advice', 'help', 'recovery']",husband sun poisoning last year symptom describe fun say sick burn felt tight month luckily nurse able give advice help recovery
